person_id,country,gender
48,US,M
72,GB,U
75,US,M
85,US,M
87,US,M
126,ES,M
135,US,F
155,US,M
161,GB,M
183,US,M
187,AU,F
219,US,M
231,US,M
253,CA,F
266,GB,M
282,US,U
319,CA,M
345,CA,M
361,US,F
410,NZ,M
415,US,F
439,GB,M
458,US,M
464,PL,M
497,CA,F
500,GB,M
502,US,M
506,AU,M
516,CA,U
544,NO,M
559,US,F
570,AU,M
574,GB,M
578,GB,M
591,US,F
609,US,M
614,US,M
616,GB,M
647,US,F
668,,U
670,GB,M
674,CA,M
684,US,F
719,,U
751,NZ,M
761,US,F
763,US,F
779,US,M
795,GB,M
796,US,M
814,US,F
815,NZ,M
823,AU,M
832,US,M
840,CA,M
841,US,F
854,US,F
856,US,M
872,US,F
906,FR,U
910,GB,F
920,GB,M
949,US,M
963,US,U
965,US,M
973,US,F
978,US,M
991,US,U
1005,US,F
1007,CA,F
1051,CA,U
1060,US,M
1099,CA,F
1122,US,M
1126,GB,M
1139,US,M
1157,US,F
1158,GB,M
1175,US,M
1182,US,M
1213,US,M
1230,US,M
1255,GB,U
1270,US,M
1276,ES,U
1286,US,M
1292,US,M
1322,CA,M
1325,US,F
1329,US,U
1359,US,M
1423,CA,M
1428,DK,F
1445,US,M
1463,US,F
1468,GB,F
1481,US,F
1486,GB,M
1490,CA,F
1524,US,F
1553,CN,M
1577,ZA,M
1581,CA,F
1585,US,M
1611,GB,M
1621,GB,M
1637,US,M
1642,AU,M
1649,IT,F
1658,AU,M
1676,GB,F
1678,US,M
1685,IT,M
1687,CA,F
1700,AU,M
1701,GB,M
1703,GB,M
1711,LT,M
1745,PL,M
1757,CA,M
1798,AU,F
1804,DE,F
1806,GB,M
1827,US,M
1828,US,M
1867,,U
1914,AU,F
1942,US,M
1954,CA,M
1957,US,F
1980,US,M
1983,CA,U
1987,CA,M
1998,AU,M
2006,DE,M
2036,US,F
2037,AU,F
2054,US,M
2070,AU,F
2106,NZ,M
2113,US,F
2129,US,U
2145,CA,M
2152,CA,M
2184,US,M
2225,AE,M
2228,US,M
2261,US,M
2272,FR,M
2274,US,M
2278,US,M
2308,CA,M
2375,AU,M
2406,GB,M
2416,US,M
2436,CA,M
2449,AU,U
2452,BR,M
2478,GB,M
2495,US,M
2507,GB,M
2515,US,M
2525,US,M
2550,US,M
2551,US,M
2552,,U
2554,NO,M
2556,US,F
2560,AU,F
2573,DE,M
2586,US,F
2589,GB,M
2607,GB,M
2615,US,M
2618,NO,U
2623,US,M
2636,US,M
2644,US,F
2653,US,F
2667,US,F
2674,,U
2702,CA,F
2707,US,F
2724,ES,M
2727,GB,F
2733,AU,M
2737,NZ,M
2738,,U
2742,US,M
2759,US,M
2761,BE,M
2819,US,F
2848,CA,F
2851,US,F
2866,,U
2943,US,M
2968,GB,U
2978,CA,M
2998,GB,U
3000,GB,F
3008,CA,M
3012,GB,U
3032,CA,M
3060,AU,F
3077,US,M
3115,CA,M
3126,US,M
3137,NZ,M
3142,CH,F
3150,US,M
3151,US,M
3169,US,M
3186,CA,M
3211,AU,M
3226,US,F
3242,US,M
3243,GB,F
3248,US,M
3261,US,F
3278,US,F
3282,GB,M
3287,US,U
3291,US,M
3321,GB,M
3361,NO,M
3375,AU,M
3376,CH,F
3388,GB,F
3396,DE,M
3405,US,F
3411,US,M
3417,US,F
3424,GB,M
3432,US,M
3433,CA,M
3448,,U
3455,US,M
3459,FR,M
3470,DK,M
3483,US,M
3485,US,F
3509,US,M
3522,US,M
3536,,U
3553,NZ,M
3569,CA,U
3601,CA,F
3623,US,F
3699,US,F
3706,DE,F
3719,US,F
3724,US,M
3729,AU,M
3743,US,M
3763,GB,M
3770,GB,M
3804,GB,M
3806,US,M
3812,US,F
3826,PL,O
3882,US,M
3902,DK,M
3913,GB,M
3914,US,M
3921,GB,M
3923,NZ,M
3950,US,M
3990,,U
4056,,U
4074,JP,M
4092,US,F
4096,SA,M
4124,US,F
4135,US,F
4152,GB,M
4181,US,M
4193,AU,F
4203,CA,M
4210,US,M
4225,US,M
4242,US,M
4251,US,F
4260,DE,M
4261,US,M
4272,AU,M
4291,GB,M
4293,US,M
4297,US,M
4312,,U
4334,CA,M
4400,US,M
4422,NL,M
4423,GB,M
4435,PL,F
4440,AU,U
4443,CA,M
4444,CA,F
4446,NO,F
4458,US,F
4488,US,M
4494,US,M
4499,US,U
4507,US,M
4513,CA,M
4521,US,M
4535,AU,M
4551,US,M
4587,NZ,F
4589,KR,M
4590,DE,M
4628,GB,F
4651,US,M
4669,US,M
4677,US,M
4694,ES,M
4701,US,U
4727,HK,M
4770,US,M
4772,NL,M
4776,US,F
4787,US,M
4917,US,M
4918,AU,M
4941,CA,F
4948,US,F
4956,,U
4959,US,U
5006,CN,M
5024,US,M
5029,,U
5035,FR,M
5041,CA,M
5049,GB,M
5057,GB,M
5071,US,M
5165,US,M
5185,CH,F
5248,AU,F
5254,US,M
5255,AU,M
5268,NZ,M
5306,BR,M
5332,US,F
5349,US,F
5350,AU,M
5358,AU,F
5370,GB,M
5371,CA,F
5381,US,M
5382,US,F
5385,US,F
5389,NZ,M
5414,US,F
5433,US,M
5487,GB,M
5498,US,F
5506,AU,M
5507,FR,M
5508,US,M
5509,US,M
5519,US,M
5522,US,F
5528,US,U
5545,CA,M
5548,,U
5558,AU,F
5570,US,F
5573,CA,M
5601,CA,F
5607,US,M
5641,US,M
5655,US,M
5673,US,M
5706,GB,U
5707,GB,U
5720,US,F
5751,US,F
5752,US,M
5768,US,M
5800,US,M
5802,US,M
5810,US,M
5814,US,M
5847,ES,M
5864,NO,M
5866,DE,M
5880,GB,F
5888,CA,M
5938,US,F
5939,US,F
5940,DK,M
5962,PL,M
5986,,U
5991,AU,M
5998,US,U
6001,CA,F
6005,ES,M
6023,BE,F
6042,GB,M
6061,US,U
6062,US,F
6103,US,M
6131,US,M
6132,US,M
6152,GB,M
6157,VE,M
6162,AR,M
6260,US,F
6263,AU,M
6266,US,F
6269,NZ,F
6284,US,M
6290,,U
6297,GB,M
6300,US,M
6306,US,M
6316,CH,M
6326,GB,M
6328,US,M
6335,US,F
6346,GB,M
6361,,U
6370,CH,M
6394,US,F
6414,ZA,F
6419,US,F
6420,CA,U
6425,AU,M
6446,CA,M
6450,US,M
6453,CA,M
6467,US,M
6496,TH,M
6513,GB,M
6525,CA,F
6536,US,M
6539,SA,M
6615,US,M
6639,US,M
6642,US,M
6656,CA,F
6699,NO,M
6701,US,F
6708,,U
6738,AU,M
6744,,U
6769,US,F
6771,CA,M
6777,AU,M
6785,US,M
6796,ZA,M
6797,US,F
6802,US,F
6808,US,M
6811,AU,M
6832,AU,F
6843,GB,M
6847,CH,M
6848,US,F
6849,US,F
6882,AU,M
6886,US,M
6913,US,M
6922,US,M
6940,US,U
6943,US,M
6949,AU,M
6969,NZ,M
6984,US,M
6991,US,O
7017,US,M
7053,US,M
7083,US,F
7100,US,M
7163,US,M
7169,US,M
7176,US,F
7184,US,F
7194,ZA,F
7195,US,M
7222,US,F
7230,US,U
7233,US,F
7259,US,U
7278,US,M
7281,US,U
7292,US,F
7329,US,M
7344,DE,F
7357,US,F
7359,US,F
7369,US,U
7370,US,M
7371,US,F
7376,US,M
7377,US,F
7405,US,M
7464,GB,M
7483,CA,F
7485,AU,M
7527,US,F
7533,AU,F
7535,AU,M
7548,US,M
7552,US,M
7557,US,M
7577,US,M
7582,US,F
7615,CA,F
7659,US,M
7662,US,M
7663,US,M
7671,US,M
7675,CA,M
7684,US,M
7691,AU,M
7693,US,M
7700,US,F
7714,DE,M
7721,GB,U
7729,US,F
7743,GB,M
7787,US,M
7788,GB,U
7828,GB,M
7839,AU,M
7847,US,M
7857,US,U
7858,NO,M
7864,US,F
7873,IN,F
7881,US,F
7907,CA,F
7917,US,M
7929,US,M
7969,PL,M
7971,US,F
7973,CA,F
7976,US,F
7994,US,M
7995,US,F
8017,US,F
8020,US,M
8026,CA,M
8048,CH,M
8050,US,M
8053,AU,M
8070,GB,U
8084,US,M
8086,CA,F
8114,GB,M
8126,US,U
8151,CA,F
8167,US,M
8174,CH,M
8202,US,M
8215,US,M
8221,AU,F
8222,US,U
8236,CL,M
8238,US,M
8240,,U
8264,GB,M
8265,US,F
8274,SE,M
8283,SE,M
8291,ZA,F
8299,ZA,M
8306,DE,F
8320,US,M
8325,AU,F
8334,CA,F
8335,DE,M
8346,US,F
8379,GB,M
8393,US,M
8412,US,M
8438,US,M
8443,US,M
8471,GB,F
8474,US,U
8480,GB,M
8482,CA,F
8491,GB,M
8497,AU,M
8595,DE,M
8598,US,M
8606,US,F
8620,GB,M
8623,AU,F
8648,US,M
8685,US,M
8692,US,U
8697,US,M
8698,US,M
8700,US,M
8710,US,M
8721,US,F
8728,US,M
8733,US,M
8740,US,M
8752,US,U
8755,US,M
8757,CA,F
8763,US,M
8770,TW,U
8777,CA,M
8784,US,M
8796,US,M
8805,AU,M
8827,US,M
8830,US,U
8849,US,F
8862,GB,M
8877,US,F
8884,CA,M
8920,CH,M
8978,US,F
8982,US,M
9052,US,F
9103,NZ,M
9150,US,M
9165,US,M
9243,US,M
9245,DE,M
9249,US,M
9276,BR,M
9286,US,M
9288,US,M
9291,US,F
9301,US,F
9311,US,F
9313,US,M
9314,GB,M
9317,GB,M
9321,ZA,F
9322,CA,M
9323,CA,M
9326,US,M
9327,CA,M
9328,CA,M
9329,CA,U
9330,CA,M
9331,CA,M
9332,CA,M
9333,CA,M
9334,CA,M
9335,CA,M
9341,DE,U
9378,GB,U
9383,US,F
9385,US,M
9386,US,U
9391,US,M
9394,US,M
9395,US,U
9396,US,F
9400,US,M
9401,US,M
9406,US,M
9407,US,M
9409,US,M
9410,US,M
9418,NZ,U
9419,NZ,M
9521,US,U
9533,US,M
9550,US,F
9565,,U
9591,US,M
9697,US,F
9838,,U
9839,AU,M
9847,CA,F
9848,,U
9859,US,F
9869,US,F
9919,,U
9930,AU,F
10031,GB,U
10032,GB,M
10034,GB,M
10035,GB,M
10037,GB,M
10041,GB,M
10042,GB,U
10045,GB,U
10046,US,M
10131,GB,M
10134,US,M
10135,US,M
10138,US,M
10139,US,F
10151,US,M
10165,GB,M
10168,AU,M
10169,AU,M
10171,AU,M
10177,CA,M
10182,FR,M
10183,FR,M
10187,NZ,M
10192,US,F
10193,US,U
10195,US,F
10196,US,M
10199,CA,F
10201,US,F
10217,AU,F
10225,CA,M
10231,AU,M
10244,ZA,M
10254,GB,U
10266,,U
10278,US,F
10307,US,F
10308,GB,M
10310,GB,M
10317,GB,M
10319,GB,M
10325,GB,M
10327,IT,M
10328,FI,M
10329,NO,M
10330,ES,M
10332,SE,M
10334,GB,F
10341,AU,M
10343,US,M
10344,NO,F
10345,NO,M
10346,FR,M
10351,FR,F
10353,GB,U
10358,GB,M
10381,CA,M
10386,GB,U
10391,ES,M
10392,NO,F
10393,US,M
10398,SI,F
10399,SI,M
10402,NL,M
10405,ES,M
10406,DE,M
10407,US,F
10409,US,M
10412,BE,U
10414,BE,M
10416,AU,F
10419,,M
10462,GR,M
10463,GR,M
10464,GR,M
10465,GR,F
10466,FR,U
10467,FR,F
10468,DE,U
10469,US,M
10472,US,U
10473,US,M
10474,US,F
10475,CA,M
10480,US,U
10481,US,F
10482,US,F
10483,US,F
10486,AU,M
10490,BR,F
10491,CA,U
10492,CA,F
10493,CA,F
10494,CA,M
10495,CA,M
10496,CA,M
10497,CA,F
10507,BR,M
10511,DK,M
10512,DK,F
10513,DE,M
10514,IT,M
10515,NL,M
10516,CH,M
10517,GB,U
10518,IE,U
10519,US,M
10520,US,U
10522,US,M
10523,US,F
10525,US,F
10526,US,M
10527,US,F
10528,US,M
10529,US,M
10532,US,U
10533,US,M
10534,DE,F
10535,ES,M
10536,PL,M
10537,AU,U
10538,AU,U
10583,US,F
10585,US,M
10589,US,U
10590,US,M
10596,US,M
10597,US,M
10629,US,M
10632,US,U
10635,US,M
10644,US,F
10645,US,M
10647,US,F
10648,US,F
10649,,U
10650,US,M
10654,US,U
10655,US,F
10656,CA,F
10657,US,U
10658,US,M
10660,US,F
10661,US,F
10662,US,M
10663,US,F
10664,US,M
10667,US,M
10669,US,M
10670,US,F
10673,US,M
10675,US,M
10697,NL,M
10704,,U
10713,NL,F
10727,ZA,F
10749,ZA,U
10815,GB,M
10827,PL,F
10831,FR,M
10832,FR,M
10835,PL,M
10877,,U
10934,AU,M
10935,AU,M
10936,AU,M
10937,AU,F
10939,MX,F
10940,AU,M
10943,AU,M
10944,AU,M
10945,AU,M
10948,US,M
10949,US,M
10950,US,M
10953,US,F
10962,US,M
11067,GB,U
11092,GB,M
11152,,U
11171,GB,F
11173,GB,M
11181,US,M
11184,US,U
11187,US,M
11188,US,F
11190,US,M
11193,US,F
11196,US,M
11197,US,M
11199,US,U
11238,US,M
11240,US,M
11248,EE,M
11249,IT,F
11250,EE,F
11251,CH,M
11252,IT,F
11253,NL,U
11254,CH,M
11255,CH,M
11260,AU,F
11261,AU,M
11262,AU,M
11265,AU,U
11268,AU,M
11275,AU,M
11277,AU,F
11278,AU,M
11279,CA,U
11280,NZ,M
11282,NZ,M
11286,NZ,F
11287,NZ,M
11289,NZ,U
11292,ZA,M
11293,NZ,M
11294,NZ,F
11295,NZ,M
11297,NZ,M
11298,NZ,M
11311,US,F
11313,US,U
11333,,U
11350,US,U
11362,US,F
11365,US,M
11367,US,M
11369,US,F
11371,US,M
11376,US,M
11391,US,F
11401,US,M
11402,US,M
11403,US,F
11404,CA,M
11405,CA,M
11520,NZ,U
11541,US,F
11613,NZ,F
11614,NZ,M
11643,,U
11646,US,U
11649,US,F
11650,CH,M
11651,ZA,M
11652,BJ,M
11653,NA,F
11657,ZA,F
11663,CA,M
11664,ZA,F
11665,ZA,M
11670,CA,M
11671,CA,U
11672,CA,M
11673,CA,U
11674,CA,U
11676,CA,M
11677,CA,M
11681,CA,M
11682,CA,U
11683,CA,M
11685,CA,M
11687,CA,M
11699,GB,U
11713,GB,F
11719,,M
11721,US,M
11722,,U
11728,GB,M
11730,GB,M
11749,US,M
11758,ES,M
11765,CA,M
11768,GB,M
11785,US,M
11795,US,M
11830,US,M
11894,US,M
12000,US,F
12017,,U
12037,NO,U
12038,NZ,F
12039,PK,M
12049,NO,U
12050,NO,M
12091,NZ,F
12109,NZ,U
12171,US,F
12173,DK,U
12175,AU,M
12177,US,M
12180,US,M
12187,US,M
12189,US,M
12193,US,M
12195,US,M
12204,DE,M
12205,US,M
12206,IT,M
12209,CH,M
12210,GB,M
12214,US,U
12215,NL,M
12219,GB,M
12223,NZ,M
12225,US,U
12226,NO,F
12229,NO,M
12232,NL,F
12235,DE,M
12236,NO,M
12238,NO,M
12245,US,M
12246,US,F
12247,,M
12250,,M
12310,US,U
12340,US,F
12345,DE,U
12349,DE,M
12350,US,F
12353,US,M
12354,HU,U
12356,ZA,M
12357,US,F
12358,US,M
12359,US,U
12361,US,M
12362,US,M
12372,GB,M
12377,,U
12379,US,M
12381,CA,M
12383,BR,M
12384,US,M
12386,CA,U
12387,US,F
12388,US,F
12389,CA,M
12390,US,F
12391,US,U
12392,US,M
12393,US,U
12396,US,U
12398,,U
12402,US,M
12511,US,M
12518,NL,M
12527,US,M
12530,US,M
12535,US,M
12540,US,U
12550,US,M
12552,,U
12559,US,M
12561,US,F
12562,US,M
12563,US,M
12574,US,M
12653,US,U
12657,US,M
12759,CA,F
12803,US,M
12805,,U
12839,US,F
12843,US,U
12844,US,F
12846,US,U
12855,US,M
12857,US,M
12862,US,M
12865,US,M
12867,US,F
12874,NZ,M
12878,US,F
12879,US,U
12880,,U
12881,US,F
12884,US,M
12885,US,F
12887,US,M
12892,US,M
13012,AU,F
13020,,U
13022,US,M
13060,US,M
13061,,U
13062,US,U
13067,US,F
13075,US,M
13079,US,U
13080,GB,M
13085,GB,U
13086,GB,M
13102,AU,F
13104,AU,F
13106,GB,U
13108,NZ,M
13117,US,F
13120,US,M
13124,US,M
13126,US,M
13127,US,U
13129,US,M
13134,US,M
13137,US,U
13139,US,M
13140,US,U
13141,,U
13142,GB,F
13149,NZ,M
13150,NZ,M
13152,NZ,M
13153,NZ,U
13158,NZ,M
13163,NZ,U
13167,NZ,M
13168,,U
13204,US,M
13213,GB,M
13216,US,M
13220,MX,F
13229,,U
13237,CA,M
13242,US,O
13255,,U
13271,DK,M
13272,DK,M
13275,,M
13339,US,F
13392,NO,U
13463,,U
13464,,M
13466,SE,F
13467,DE,U
13468,DE,U
13469,DE,M
13475,US,F
13476,US,M
13479,,M
13482,US,U
13483,US,M
13493,US,U
13494,US,U
13495,US,F
13496,US,U
13498,US,F
13499,US,F
13500,US,F
13503,US,F
13504,,M
13508,AU,F
13509,CA,F
13511,US,U
13514,US,F
13516,US,F
13518,US,F
13519,,M
13531,US,M
13533,,M
13534,,U
13543,PR,M
13555,US,M
13560,US,M
13561,GB,M
13563,GB,F
13564,GB,F
13568,GB,M
13569,GB,U
13572,GB,F
13574,GB,M
13577,US,F
13578,US,F
13580,US,M
13584,US,M
13586,,F
13588,US,F
13594,,U
13596,US,U
13599,US,U
13601,US,F
13602,GB,F
13606,,U
13609,US,U
13611,US,M
13612,,U
13614,,M
13615,,F
13616,,F
13617,US,M
13618,,F
13619,,U
13621,,M
13622,US,M
13627,DE,M
13629,,U
13630,DE,M
13634,,M
13635,ZA,M
13636,US,M
13638,ZA,M
13639,US,M
13644,US,F
13645,,F
13647,ZA,M
13650,ZA,F
13652,ZA,F
13653,US,M
13655,ZA,M
13658,ZA,F
13659,US,F
13660,ZA,M
13661,ZA,F
13662,ZA,F
13663,ZA,F
13664,ZA,F
13675,,F
13676,US,U
13677,US,M
13678,,M
13679,US,U
13680,,M
13681,,M
13682,US,F
13683,,F
13684,,F
13685,,F
13689,US,M
13690,US,M
13691,,M
13692,,M
13693,US,M
13759,US,M
13797,DE,F
13818,,U
13841,US,U
13848,,U
13899,,U
13917,US,M
13927,,U
13944,BE,M
13945,US,F
13946,IL,M
13949,FR,M
13954,GB,M
13955,ET,M
13956,GB,M
13959,US,M
13963,,M
13964,CH,M
13966,GB,U
13967,DE,M
13970,US,M
13972,GB,F
13974,AU,M
13975,AU,M
13976,DK,F
13977,AU,M
13978,AU,M
13979,AU,F
13980,AU,M
13981,AU,U
13982,AU,M
13983,AU,M
13985,AU,F
13990,AU,M
13991,US,F
13992,SE,M
13993,FR,M
13994,SE,M
14008,US,U
14009,AU,F
14010,NL,F
14013,ZA,M
14036,,U
14041,,U
14293,US,M
14294,US,F
14295,,M
14296,CA,F
14297,US,M
14299,,U
14300,US,F
14301,US,F
14302,US,F
14304,US,M
14306,US,U
14307,US,M
14311,,U
14312,US,F
14313,,M
14315,SE,U
14316,US,F
14317,US,M
14318,US,F
14319,BR,M
14320,,F
14321,,M
14322,US,M
14323,US,M
14330,AU,M
14331,AU,M
14332,AU,M
14334,AU,M
14339,US,M
14341,CA,M
14343,,M
14346,US,M
14347,US,U
14353,BE,M
14364,CA,F
14365,,F
14366,US,U
14367,US,M
14371,US,M
14372,US,F
14374,US,F
14380,,U
14385,US,M
14386,,F
14387,,F
14388,CH,F
14390,US,M
14391,MX,F
14394,MX,F
14396,US,M
14398,,F
14400,AU,M
14401,,M
14402,AU,M
14403,AU,M
14404,AU,F
14406,,F
14408,,M
14409,,M
14412,AU,M
14413,US,M
14414,,F
14417,,M
14419,,F
14421,,F
14484,US,U
14536,US,U
14553,GB,U
14609,,M
14614,US,M
14615,US,M
14617,US,M
14618,US,F
14619,NZ,M
14620,JP,M
14623,US,M
14624,US,M
14626,,F
14630,,U
14631,,F
14632,GB,F
14634,US,F
14636,US,F
14637,US,F
14638,US,F
14639,US,F
14644,US,M
14645,AU,M
14646,IN,M
14648,AU,M
14649,HK,M
14650,SG,M
14651,,F
14652,US,M
14657,GB,F
14665,AU,F
14671,,U
14676,GB,M
14678,US,U
14680,US,M
14688,GB,M
14689,GB,F
14690,GB,F
14692,GB,F
14694,GB,M
14696,GB,F
14697,GB,M
14698,,F
14699,US,F
14701,US,M
14708,GB,M
14718,US,M
14721,US,F
14723,,U
14725,US,M
14726,US,U
14734,AU,F
14735,,F
14736,,M
14775,US,F
14878,US,F
14930,US,M
14945,US,U
14946,US,M
14963,,F
14965,,M
14966,,M
14968,US,M
14971,US,M
14976,US,M
14978,AU,M
14982,,F
14996,,M
15001,US,M
15002,GB,U
15003,PT,M
15004,GB,F
15005,,M
15006,US,M
15008,US,M
15010,US,F
15011,US,M
15012,,M
15013,US,F
15016,US,M
15020,,M
15024,ZA,F
15025,US,M
15029,,F
15030,,M
15037,ET,F
15038,,F
15039,ZA,M
15042,,F
15043,ZA,M
15048,,U
15049,US,F
15051,PL,M
15056,ET,M
15060,US,F
15062,,M
15063,US,M
15064,AU,M
15065,AU,M
15066,,M
15067,AU,M
15068,,M
15069,US,M
15070,US,F
15072,US,U
15073,US,M
15075,,M
15076,US,F
15080,US,M
15089,GB,M
15096,,U
15099,GB,U
15103,US,F
15111,US,M
15126,GB,M
15140,,U
15144,AU,F
15148,US,M
15153,,U
15170,,U
15172,AU,F
15260,,U
15262,GB,U
15268,US,U
15283,GB,M
15301,US,M
15302,US,F
15304,,F
15305,,F
15306,US,F
15318,US,U
15329,DE,F
15345,CA,M
15466,GB,U
15467,GB,F
15468,US,M
15469,,M
15470,GB,U
15471,MX,F
15597,US,M
15599,NO,U
15603,NO,M
15609,NL,M
15610,,F
15613,NL,M
15616,NL,M
15620,,M
15622,,M
15625,US,M
15626,US,F
15627,,M
15630,CZ,M
15631,GB,M
15634,DE,F
15637,,F
15639,US,M
15641,,M
15642,US,U
15643,,M
15644,,F
15645,,F
15647,,F
15709,GB,F
15711,,U
15745,US,U
15747,US,F
15748,,F
15749,US,F
15750,US,M
15751,,M
15752,,M
15753,US,M
15756,,F
15757,,M
15758,,M
15759,US,M
15760,US,F
15761,,M
15789,ET,M
15838,US,F
15842,,U
15843,CA,F
15856,,M
15869,,U
15872,,U
15877,,F
15881,GB,M
15882,US,F
15883,GB,M
15885,US,F
15890,,U
15895,US,M
15899,US,F
15901,US,M
15902,GB,M
15903,GB,M
15904,GB,M
15905,GB,M
15951,US,U
15955,CO,M
15956,ES,F
15958,MU,M
15959,,M
15985,GB,M
15986,,F
15988,US,F
15989,US,F
15990,,M
15993,,M
15994,,M
15995,,F
15996,US,F
15997,GB,M
15998,US,M
15999,,M
16000,CA,F
16001,,O
16002,US,F
16004,US,F
16005,US,F
16006,US,F
16007,US,M
16010,GB,M
16018,AU,F
16020,,U
16021,,M
16023,US,M
16024,US,F
16025,US,M
16026,,M
16027,,F
16028,,U
16031,ES,M
16033,GB,M
16036,RS,O
16040,,F
16042,,M
16043,CR,F
16049,IN,F
16050,,M
16051,,M
16053,US,O
16054,,M
16059,CA,M
16060,,F
16062,NZ,M
16065,,F
16069,,F
16075,,M
16090,,M
16091,US,F
16094,,F
16096,,M
16097,US,M
16099,US,M
16101,,M
16102,US,F
16103,,M
16104,,M
16105,,M
16111,GB,F
16112,,F
16115,,F
16116,,M
16117,,F
16118,,F
16119,,F
16120,ZA,M
16123,,F
16124,,M
16125,,M
16127,,F
16129,,M
16131,,U
16136,,M
16142,IN,M
16164,,F
16165,US,M
16168,US,U
16171,AU,M
16176,US,F
16182,,M
16186,US,M
16222,NL,U
16228,,U
16232,,F
16234,US,M
16236,US,M
16237,,M
16238,US,M
16265,,M
16266,,M
16268,GB,M
16270,GB,U
16272,,F
16273,,M
16274,,U
16277,,F
16278,US,F
16281,,F
16282,,F
16286,,F
16287,,F
16293,,U
16294,,U
16298,,M
16299,,M
16303,,M
16304,,F
16308,,F
16309,,M
16321,,M
16323,,M
16324,,M
16331,,M
16334,,U
16335,US,M
16337,US,F
16339,US,M
16342,US,M
16347,US,F
16349,US,M
16355,,U
16356,,U
16360,,F
16364,DE,M
16368,CA,M
16371,CA,M
16373,,U
16376,,U
16377,,U
16409,AU,U
16410,,U
16413,AU,F
16414,AU,U
16415,AU,F
16416,,U
16417,AU,M
16418,,U
16422,AU,U
16425,,U
16434,US,U
16435,,U
16439,US,M
16458,,U
16459,GB,F
16478,,U
16485,AU,M
16486,AU,F
16487,,U
16488,AU,M
16489,AU,F
16490,AU,M
16506,US,M
16511,,U
16513,,U
16516,,U
16522,,U
16524,CA,M
16525,CA,M
16531,AU,M
16533,,U
16535,,U
16540,NG,M
16546,,U
16547,US,M
16639,,U
16641,US,F
16643,US,M
16645,ID,M
16654,,U
16661,CA,F
16664,CA,F
16666,AU,M
16672,,U
16689,,U
16691,,U
16692,,U
16694,,U
16696,,U
16697,,U
16699,US,F
16701,US,F
16708,,U
16715,,U
16722,US,M
16723,US,U
16728,,U
16729,GR,F
16733,,U
16734,,U
16736,,U
16740,,U
16757,,U
16758,,U
16759,,U
16760,,U
16761,,U
16763,,U
16764,,U
16765,,U
16767,,U
16768,,U
16771,,U
16774,,U
16775,,U
16776,US,M
16777,,U
16778,,U
16780,,U
16782,,U
16783,AR,F
16784,AR,F
16785,US,M
16792,US,U
16811,ET,M
16816,,U
16818,,U
16821,,U
16824,,U
16838,,U
16839,,U
16840,US,M
16841,,U
16844,,U
16845,,U
16846,,U
16848,,U
16850,,U
16851,US,M
16852,US,M
16853,,U
16854,US,M
16855,US,M
16856,NZ,M
16857,,U
16858,US,U
16863,,U
16885,,U
16886,,U
16887,US,M
16889,US,M
16891,US,M
16892,,U
16893,,U
16895,,U
16896,,U
16897,,U
16901,,U
16903,,U
16905,,U
16913,,U
16914,,U
16920,US,U
16921,US,U
16922,US,U
16923,US,F
16924,US,U
16925,US,U
16934,US,U
16936,US,M
16942,US,U
16944,US,U
16946,US,M
16948,US,U
16951,CO,M
16955,CR,U
16959,CR,U
16963,US,U
16964,US,U
16965,CA,U
16966,US,U
16967,CA,U
16968,CA,M
16970,CA,U
16972,NZ,U
16973,NZ,U
16974,NZ,U
16977,US,U
16989,NZ,U
16990,US,U
16991,US,M
16992,US,U
16993,US,U
16994,US,M
16996,US,M
16998,US,U
16999,US,U
17001,US,U
17017,US,U
17032,US,U
17034,US,U
17036,US,U
17037,US,U
17044,ZA,U
17057,ZA,M
17073,,U
17100,,F
17110,ZA,M
17140,ZA,U
17141,ZA,U
17170,US,U
17171,AU,U
17172,CA,U
17173,CA,U
17182,US,M
17183,CA,U
17185,US,U
17187,AU,M
17188,AU,U
17191,AU,U
17192,AU,U
17194,AU,U
17195,AU,U
17199,AU,M
17227,US,U
17228,US,U
17232,US,F
17238,US,U
17239,US,M
17248,GB,U
17251,US,U
17252,SG,M
17253,US,U
17254,US,M
17256,US,F
17257,DE,U
17259,US,U
17260,US,U
17261,US,U
17265,US,U
17266,US,U
17275,SE,M
17286,US,U
17309,CH,F
17312,TN,F
17320,US,M
17322,KE,U
17326,US,F
17327,GB,U
17330,DE,U
17332,DE,M
17333,DE,M
17334,DE,M
17338,NO,M
17340,EE,F
17341,GB,U
17344,GB,M
17345,GB,M
17346,GB,U
17347,GB,F
17348,GB,U
17350,GB,U
17351,GB,M
17353,US,U
17355,US,U
17356,US,U
17357,US,U
17358,US,U
17359,US,M
17360,US,U
17361,US,U
17363,GB,U
17366,DE,U
17371,US,U
17372,US,U
17387,US,U
17392,US,M
17393,US,U
17401,IT,U
17404,US,U
17405,GB,M
17406,DE,U
17407,CH,U
17411,US,U
17416,US,U
17417,US,U
17418,US,F
17423,US,U
17424,US,U
17425,AR,F
17426,CA,U
17427,NL,U
17433,CA,U
17434,IE,U
17437,CA,U
17439,US,M
17440,GB,U
17445,US,M
17450,GB,U
17453,GB,U
17454,GB,U
17461,US,U
17462,CD,M
17463,NG,U
17465,US,U
17472,ZA,U
17482,US,U
17486,PR,U
17511,SD,U
17512,TZ,U
17513,UG,U
17514,US,U
17521,US,U
17523,US,U
17529,US,U
17531,US,M
17534,,U
17539,US,U
17639,GB,U
17644,KE,U
17645,CN,M
17647,SA,M
17650,US,U
17651,US,F
17652,US,U
17653,US,U
17656,US,M
17657,FR,U
17660,ES,U
17666,DE,U
17669,IE,M
17670,DE,M
17673,DE,U
17674,AU,U
17676,DK,U
17752,US,F
17808,AR,M
17811,AR,M
17814,AR,M
17816,AU,M
17824,KE,U
17825,US,F
17826,US,U
17827,US,U
17832,DE,U
17836,US,U
17840,GB,U
17842,GB,M
17843,CA,U
17844,US,M
17892,US,U
17897,CA,F
17901,CA,U
17903,US,M
17904,US,U
17914,US,M
17918,US,U
17920,US,U
17934,US,U
17940,CH,M
18005,EC,U
18006,US,U
18009,US,M
18010,CA,F
18011,US,U
18012,NL,M
18013,GB,U
18014,GB,M
18015,GB,U
18017,GB,M
18018,GB,U
18019,GB,U
18022,US,U
18045,US,U
18046,US,U
18047,US,U
18048,US,U
18051,US,F
18052,US,U
18053,,U
18060,US,M
18068,US,U
18070,,U
18074,US,U
18112,US,F
18134,,U
18145,US,U
18157,,U
18167,US,U
18169,US,U
18171,US,U
18174,US,M
18322,US,M
18323,US,U
18324,US,F
18326,US,F
18328,US,U
18331,US,U
18333,US,U
18335,US,U
18361,GB,U
18362,SE,U
18427,US,U
18428,US,F
18429,US,F
18469,CA,U
18488,US,U
18489,US,F
18490,US,U
18493,US,U
18498,US,F
18499,ZA,U
18509,US,M
18550,US,U
18551,US,U
18553,US,F
18554,NZ,U
18556,AU,M
18569,ZA,U
18582,CA,M
18584,US,U
18587,US,U
18591,US,F
18593,CA,U
18597,US,U
18616,,U
18628,US,U
18633,US,U
18638,US,U
18644,US,M
19166,KE,U
19168,NL,U
19179,DK,M
19183,US,U
19230,US,U
19232,US,U
19253,CA,U
19261,US,U
19270,ES,U
19271,ES,U
19274,DE,U
19281,NZ,U
19282,NZ,M
19284,NZ,M
19299,US,U
19300,NZ,M
