End Date,Domain,Column2,Column3,Column4,Column5,Column6,Column7,Column8,Column9,Column10,Column11,Column12,Column13,Domain-Other,Position,Column15,Column16,Column17,Column18,Column19,Column20,Column21,Column22,Position-Other,Exposure,Column31,Column32,Column33,Column34,Column35,Exposure-Other,US-Workshop,Gender,Gender-Other,Race-Ethnicity,Column43,Column44,Column45,Column46,Column47,Column48,Race-Ethnicity-Other
2/28/18 14:56,,,Biomedical/Health Sciences,,,,,,,,,,,,,,Postdoctoral Researcher,,,,,,,,Received an email about the workshop,,,,,,,United States of America,Female,,,,,,,"White(A person having origins in any of the original peoples of Europe, the Middle East, or North Africa.)",,
2/28/18 9:29,Agricultural or Environmental Sciences,Bioinformatics/Genomics,,,,,,,,,,,,,,,Postdoctoral Researcher,,,,,,,,Received an email about the workshop,,,,,,,United States of America,Male,,,,,Hispanic or Latino(a)(A person of Spanish-speaking origin or ancestry and/or Latin American origin or ancestry â€“ includes Portuguese and Brazilians.),,,,
2/27/18 7:12,,,,,,,,,,,,,,,,,,,,,,,,,,,,,,,,,,,,,,,,,,
2/26/18 8:10,,Bioinformatics/Genomics,Biomedical/Health Sciences,,,,,,,,,,,,,,,Faculty,,,,,,,,,Twitter or other social media,,,,,South Africa,,,,,,,,,,
2/26/18 6:59,,,,,,,,,,,,,,,,,,,,,,,,,,,,,,,,,,,,,,,,,,
2/24/18 10:33,,,,,,,,,,LifeÂ Sciences,,,,,,,Postdoctoral Researcher,,,,,,,,Received an email about the workshop,,,,,,,United States of America,Male,,,,,,,"White(A person having origins in any of the original peoples of Europe, the Middle East, or North Africa.)",,
2/24/18 9:21,,,,,,,,,,,,,,biology,,,Postdoctoral Researcher,,,,,,,,Received an email about the workshop,,,,,,,,,,,,,,,,,
2/24/18 8:25,,,,,,,,,,LifeÂ Sciences,,,,,,,Postdoctoral Researcher,,,,,,,,Received an email about the workshop,,,,,,,United States of America,Male,,,"Asian(A person having origins in any of the original peoples of the Far East, Southeast Asia, or the Indian subcontinent including, for example, Cambodia, China, India, Japan, Korea, Malaysia, Pakistan, Indonesia, the Philippine Islands, Thailand, and Vietnam.)",,,,,,
2/24/18 8:13,,,,,,,,,,LifeÂ Sciences,,,,,,,Postdoctoral Researcher,,,,,,,,,Read about it in a newsletter or university web site,,,,,,United States of America,Female,,,,,,,"White(A person having origins in any of the original peoples of Europe, the Middle East, or North Africa.)",,
2/24/18 1:08,,Bioinformatics/Genomics,Biomedical/Health Sciences,,,,,,,,,,,,,Graduate Student,,,,,,,,,Received an email about the workshop,,,,,,,United States of America,Female,,,,,Hispanic or Latino(a)(A person of Spanish-speaking origin or ancestry and/or Latin American origin or ancestry â€“ includes Portuguese and Brazilians.),,,,
2/23/18 23:24,,Bioinformatics/Genomics,Biomedical/Health Sciences,,,,,,,LifeÂ Sciences,,,,,Undergraduate Student,,,,,,,,,,,,,Other web site,,,,United States of America,Female,,,,,Hispanic or Latino(a)(A person of Spanish-speaking origin or ancestry and/or Latin American origin or ancestry â€“ includes Portuguese and Brazilians.),,,,
2/23/18 20:48,,,Biomedical/Health Sciences,,,,,,,LifeÂ Sciences,,,,,,,Postdoctoral Researcher,,,,,,,,Received an email about the workshop,,,,,,,United States of America,Female,,,,,,,"White(A person having origins in any of the original peoples of Europe, the Middle East, or North Africa.)",,
2/23/18 20:45,,,,,,,,,,,Mathematics or Statistics,,,,,,Postdoctoral Researcher,,,,,,,,Received an email about the workshop,,,,,,,United States of America,Male,,,,,,,"White(A person having origins in any of the original peoples of Europe, the Middle East, or North Africa.)",,
2/23/18 20:02,,,,,,,,,,LifeÂ Sciences,,,,,,Graduate Student,,,,,Research Staff,,,,,Read about it in a newsletter or university web site,,,,,,United States of America,Female,,,,,,,"White(A person having origins in any of the original peoples of Europe, the Middle East, or North Africa.)",,
2/23/18 19:01,,,,,,,,,,,,,,,,,,,,,,,,,,,,,,,,,,,,,,,,,,
2/23/18 18:13,,,Biomedical/Health Sciences,,,,,,,,,,,,,Graduate Student,,,,,,,,,,,,,,My friend/colleague told me about it,,United States of America,Female,,,"Asian(A person having origins in any of the original peoples of the Far East, Southeast Asia, or the Indian subcontinent including, for example, Cambodia, China, India, Japan, Korea, Malaysia, Pakistan, Indonesia, the Philippine Islands, Thailand, and Vietnam.)",,,,,,
2/23/18 18:02,,,Biomedical/Health Sciences,,,,,,,,,,,,,Graduate Student,,,,,,,,,Received an email about the workshop,,,,,,,United States of America,Male,,,,,,,"White(A person having origins in any of the original peoples of Europe, the Middle East, or North Africa.)",,
2/23/18 15:25,,,,,,,,,,,,,,,,,,,,,,,,,,,,,,,,,,,,,,,,,,
2/23/18 15:02,,,,,,,,,,,,,,,,,,,,,,,,,,,,,,,,,,,,,,,,,,
2/23/18 12:43,Agricultural or Environmental Sciences,,,,,,,,,LifeÂ Sciences,,,,,,,,,,,Research Staff,,,,Received an email about the workshop,,,,,My friend/colleague told me about it,,United States of America,Male,,,"Asian(A person having origins in any of the original peoples of the Far East, Southeast Asia, or the Indian subcontinent including, for example, Cambodia, China, India, Japan, Korea, Malaysia, Pakistan, Indonesia, the Philippine Islands, Thailand, and Vietnam.)",,,,,,
2/22/18 21:21,,,,,,,,,,,,,Social Sciences,,,,,,,,Research Staff,,,,Received an email about the workshop,Read about it in a newsletter or university web site,,,,,,United States of America,Female,,,"Asian(A person having origins in any of the original peoples of the Far East, Southeast Asia, or the Indian subcontinent including, for example, Cambodia, China, India, Japan, Korea, Malaysia, Pakistan, Indonesia, the Philippine Islands, Thailand, and Vietnam.)",,,,,,
2/22/18 11:33,,,,,,,,,Library Sciences,,,,,,,,Postdoctoral Researcher,,,,,,,,Received an email about the workshop,,,,,,,United States of America,Female,,,,,,,"White(A person having origins in any of the original peoples of Europe, the Middle East, or North Africa.)",,
2/22/18 4:54,,,Biomedical/Health Sciences,,,,,,,LifeÂ Sciences,,,,,,Graduate Student,,,,,,,,,Received an email about the workshop,Read about it in a newsletter or university web site,,,,,,United Kingdom,,,,,,,,,,
2/22/18 4:47,,,,,,,,,,,,,,,,,,,,,,,,,,,,,,,,,,,,,,,,,,
2/22/18 4:47,,,,,,,,,,,,,,,,,,,,,,,,,,,,,,,,,,,,,,,,,,
2/22/18 4:48,,,Biomedical/Health Sciences,,,,,,,,,,,,,Graduate Student,,,,,,,,,,,,,My advisor/supervisor told me about it,,,,,,,,,,,,,
2/22/18 4:38,,,Biomedical/Health Sciences,,,,,,,LifeÂ Sciences,,,,,,Graduate Student,,,,,,,,,Received an email about the workshop,Read about it in a newsletter or university web site,,,My advisor/supervisor told me about it,My friend/colleague told me about it,,United Kingdom,,,,,,,,,,
2/22/18 4:38,,,Biomedical/Health Sciences,,,,,,,LifeÂ Sciences,,,,,,Graduate Student,,,,,Research Staff,,,,Received an email about the workshop,,,,,,,United Kingdom,,,,,,,,,,
2/22/18 4:36,,,Biomedical/Health Sciences,,,,,,,,,,,,,,,,,,Research Staff,,,,,,,,My advisor/supervisor told me about it,,,United Kingdom,,,,,,,,,,
2/22/18 4:35,,,Biomedical/Health Sciences,,,,,,,LifeÂ Sciences,,,,,,Graduate Student,,,,,,,,,Received an email about the workshop,,,,,My friend/colleague told me about it,,United Kingdom,,,,,,,,,,
2/22/18 3:46,,,,,,,,,,,,,,,,,,,,,,,,,,,,,,,,,,,,,,,,,,
2/22/18 2:49,,Bioinformatics/Genomics,,,,,,,,LifeÂ Sciences,,,,Healthcare,,,,Faculty,,,,,,,Received an email about the workshop,,,,,,,United Kingdom,,,,,,,,,,
2/21/18 21:57,,Bioinformatics/Genomics,Biomedical/Health Sciences,,,,,,,,,,,,,,,Faculty,,,,,,,,,Twitter or other social media,,,,,United States of America,Female,,,,,,,"White(A person having origins in any of the original peoples of Europe, the Middle East, or North Africa.)",,
2/21/18 21:54,,Bioinformatics/Genomics,,,,,,,,,,Physical Sciences,,,,Graduate Student,,,,,,,,,Received an email about the workshop,,,,,,,United States of America,Female,,,,,,,"White(A person having origins in any of the original peoples of Europe, the Middle East, or North Africa.)",,
2/21/18 19:09,,,Biomedical/Health Sciences,,,,,,,LifeÂ Sciences,,,,,,,Postdoctoral Researcher,,,,,,,,Received an email about the workshop,,,,,My friend/colleague told me about it,,United Kingdom,,,,,,,,,,
2/21/18 17:39,,Bioinformatics/Genomics,Biomedical/Health Sciences,,,,,,,,,,,,,,,Faculty,,,,,,,,,,,,My friend/colleague told me about it,,United Kingdom,,,,,,,,,,
2/21/18 17:20,,,Biomedical/Health Sciences,,,,,,,LifeÂ Sciences,,,,,,,Postdoctoral Researcher,,,,,,,,Received an email about the workshop,,,,,,,United Kingdom,,,,,,,,,,
2/21/18 14:02,,Bioinformatics/Genomics,,,,,,,,LifeÂ Sciences,,,,,,,Postdoctoral Researcher,,,,,,,,,,,,My advisor/supervisor told me about it,,,United Kingdom,,,,,,,,,,
2/21/18 11:46,,,Biomedical/Health Sciences,,,,,,,,,,,,,,,Faculty,,,,,,,,,,,,My friend/colleague told me about it,,United Kingdom,,,,,,,,,,
2/21/18 10:37,,,,,,,,,,LifeÂ Sciences,,,,,,,,,,,Research Staff,,,,,,,,My advisor/supervisor told me about it,,,United Kingdom,,,,,,,,,,
2/21/18 9:26,,,Biomedical/Health Sciences,,,,,,,LifeÂ Sciences,,,,,,Graduate Student,,,,,,,,,Received an email about the workshop,,,,,My friend/colleague told me about it,,United Kingdom,,,,,,,,,,
2/21/18 9:14,Agricultural or Environmental Sciences,,,,,Earth Sciences,,,,,Mathematics or Statistics,Physical Sciences,,,Undergraduate Student,,,,,,Research Staff,,,,Received an email about the workshop,,,,,,,United States of America,Male,,,,,,,"White(A person having origins in any of the original peoples of Europe, the Middle East, or North Africa.)",,
2/21/18 8:35,,,Biomedical/Health Sciences,,,,,,,,,,,,,,,,,,Research Staff,,,,Received an email about the workshop,,,,,,,United Kingdom,,,,,,,,,,
2/21/18 2:54,,,Biomedical/Health Sciences,,,,,,,,,,,,,Graduate Student,,,,,,,,,,,,,My advisor/supervisor told me about it,,,United Kingdom,,,,,,,,,,
2/20/18 17:00,,,,,,,,,,LifeÂ Sciences,,,,,,Graduate Student,,,,,,,,,Received an email about the workshop,,,,,,,United Kingdom,,,,,,,,,,
2/20/18 10:04,,Bioinformatics/Genomics,,,,,,,,,,,,Food Science and Human Nutrition,,,,,,,Research Staff,,,,,,,,My advisor/supervisor told me about it,,,United States of America,Female,,,"Asian(A person having origins in any of the original peoples of the Far East, Southeast Asia, or the Indian subcontinent including, for example, Cambodia, China, India, Japan, Korea, Malaysia, Pakistan, Indonesia, the Philippine Islands, Thailand, and Vietnam.)",,,,"White(A person having origins in any of the original peoples of Europe, the Middle East, or North Africa.)",,
2/20/18 9:55,,,Biomedical/Health Sciences,,,,,,,,,,,,,,,,,,Research Staff,,,,,,,,My advisor/supervisor told me about it,,,United Kingdom,,,,,,,,,,
2/20/18 4:29,,,,,,,,,,,,,,,,,,,,,,,,,,,,,,,,,,,,,,,,,,
2/19/18 23:11,,,,,,,,,,,,,,,,,,,,,,,,,,,,,,,,,,,,,,,,,,
2/19/18 22:34,,Bioinformatics/Genomics,Biomedical/Health Sciences,,,,,,,,,,,,,Graduate Student,,,,,,,,,Received an email about the workshop,Read about it in a newsletter or university web site,,,,,,United States of America,Female,,,"Asian(A person having origins in any of the original peoples of the Far East, Southeast Asia, or the Indian subcontinent including, for example, Cambodia, China, India, Japan, Korea, Malaysia, Pakistan, Indonesia, the Philippine Islands, Thailand, and Vietnam.)",,,,,,
2/19/18 17:26,,,,,,,,,,,,,Social Sciences,,,Graduate Student,,,,,,,,,Received an email about the workshop,,,,,,,Australia,,,,,,,,,,
2/19/18 17:26,,,,Business/Economics,,,,,,,,,,,,,,Faculty,,,,,,,Received an email about the workshop,,,,,,,Australia,,,,,,,,,,
2/19/18 17:25,,,Biomedical/Health Sciences,,,,,,,,,,,,,,,Faculty,,,,,,,,Read about it in a newsletter or university web site,,,,,,Australia,,,,,,,,,,
2/19/18 17:29,,,,,,,,,,,,,,Biological Sciences,,Graduate Student,,,,,,,,,,,,,,My friend/colleague told me about it,,Australia,,,,,,,,,,
2/19/18 17:26,,,,,,,,,,LifeÂ Sciences,,,,,,Graduate Student,,,,,,,,,,,,,,My friend/colleague told me about it,,Australia,,,,,,,,,,
2/19/18 17:25,,,,,Computer Science,,,,,,,,,,,,,,,,,,,Database architect,Received an email about the workshop,,,,,,,Australia,,,,,,,,,,
2/19/18 17:25,,,,,,,,,,LifeÂ Sciences,,,,,,,,,,,,,,PhD student,,Read about it in a newsletter or university web site,,,,,,Australia,,,,,,,,,,
2/19/18 17:20,,,,,,,,,,,,,,,,,,,,,,,,,,,,,,,,,,,,,,,,,,
2/19/18 17:23,,,,,,,,,,LifeÂ Sciences,,,,,,Graduate Student,,,,,,,,,,,,,My advisor/supervisor told me about it,My friend/colleague told me about it,,Australia,,,,,,,,,,
2/19/18 17:23,,,Biomedical/Health Sciences,,,,,,,LifeÂ Sciences,,,,,,,Postdoctoral Researcher,,,,,,,,Received an email about the workshop,Read about it in a newsletter or university web site,,,,,,Australia,,,,,,,,,,
2/19/18 17:25,,,Biomedical/Health Sciences,,,,,,,,,,,,,,Postdoctoral Researcher,,,,,,,,Received an email about the workshop,,,,,,,Australia,,,,,,,,,,
2/19/18 17:24,,,Biomedical/Health Sciences,,,,,,,,,,,,,,Postdoctoral Researcher,,,,,,,,Received an email about the workshop,,,,,,,Australia,,,,,,,,,,
2/19/18 17:23,,,Biomedical/Health Sciences,,,,,,,,,,,,,Graduate Student,,,,,,,,,,,,,My advisor/supervisor told me about it,,,Australia,,,,,,,,,,
2/19/18 17:23,,,,,,,,Humanities,Library Sciences,,,,,,,,,,,,,Management/Administrator,,,Received an email about the workshop,Read about it in a newsletter or university web site,,,My advisor/supervisor told me about it,,,Australia,,,,,,,,,,
2/19/18 17:25,,,,,,,,,,,,,,Biological Science,,,,,,,,,,PhD,,,,,My advisor/supervisor told me about it,,,Australia,,,,,,,,,,
2/19/18 17:24,,,,,,,,,,,,,,Conservation Ecology,,Graduate Student,,,,,,,,,,,,,My advisor/supervisor told me about it,,,Australia,,,,,,,,,,
2/19/18 17:19,,,,,,,,,,,,,,,,,,,,,,,,,,,,,,,,,,,,,,,,,,
2/19/18 17:22,Agricultural or Environmental Sciences,,,,,,,,,,,,,,,Graduate Student,,,,,,,,,,Read about it in a newsletter or university web site,,,,,,Australia,,,,,,,,,,
2/19/18 14:38,,,Biomedical/Health Sciences,,,,,,,LifeÂ Sciences,,,,,,,,,Industry Employee,,Research Staff,,,,,,,,My advisor/supervisor told me about it,,,United States of America,Female,,,,,,,"White(A person having origins in any of the original peoples of Europe, the Middle East, or North Africa.)",,
2/19/18 14:14,,Bioinformatics/Genomics,Biomedical/Health Sciences,,,,,,,LifeÂ Sciences,,,,"Stem cells, molecular biology",,,,Faculty,,,,,,,Received an email about the workshop,,,,,My friend/colleague told me about it,,United Kingdom,,,,,,,,,,
2/19/18 12:37,,,Biomedical/Health Sciences,,,,,,,,,,,,,Graduate Student,,,,,,,,,Received an email about the workshop,,,,,,,United Kingdom,,,,,,,,,,
2/19/18 10:27,,,Biomedical/Health Sciences,,,,,,,LifeÂ Sciences,,,,,,Graduate Student,,,,,,,,,Received an email about the workshop,,,,,,,United Kingdom,,,,,,,,,,
2/19/18 8:55,,,Biomedical/Health Sciences,,,,,,,LifeÂ Sciences,,,,,,,,,,,Research Staff,,,,Received an email about the workshop,Read about it in a newsletter or university web site,,,,,,South Africa,,,,,,,,,,
2/19/18 6:14,,,,,,,,,,,,,,,,,,,,,,,,,,,,,,,,,,,,,,,,,,
2/19/18 5:20,,,Biomedical/Health Sciences,,,,,,,,,,,,,,Postdoctoral Researcher,,,,,,,,Received an email about the workshop,,,,,,,Australia,,,,,,,,,,
2/18/18 22:48,,,Biomedical/Health Sciences,,,,,,,,,,Social Sciences,,,Graduate Student,,Faculty,,,,,,,Received an email about the workshop,,,,,,,Australia,,,,,,,,,,
2/18/18 6:19,,,,,,,,,,LifeÂ Sciences,,,,,,,Postdoctoral Researcher,,,,,,,,Received an email about the workshop,,,,,,,Australia,,,,,,,,,,
2/13/18 16:03,,,,,,,,,,,,,,,,,,,,,,,,,,,,,,,,,,,,,,,,,,
2/12/18 5:53,,,Biomedical/Health Sciences,,,,,,,,,,,,,,Postdoctoral Researcher,,,,,,,,Received an email about the workshop,,,,,,,Australia,,,,,,,,,,
2/12/18 3:09,Agricultural or Environmental Sciences,,,,,,,,,,,,,,,,,,,,,,,PhD student,,,,,My advisor/supervisor told me about it,,,Australia,,,,,,,,,,
2/12/18 2:27,,,,,,,,Humanities,,,,,,,,Graduate Student,,,,,,,,,Received an email about the workshop,,,,,,,Australia,,,,,,,,,,
2/12/18 0:48,,,Biomedical/Health Sciences,,,,,,,,,,,,,,,Faculty,,,,,,,Received an email about the workshop,,,,,,,Australia,,,,,,,,,,
2/12/18 0:31,,,Biomedical/Health Sciences,,,,,,,,,,,,,,Postdoctoral Researcher,,,,,,,,Received an email about the workshop,,,,,,,Australia,,,,,,,,,,
2/9/18 9:33,Agricultural or Environmental Sciences,,,,,,,,,,,Physical Sciences,,,,,,Faculty,,,Research Staff,,,,Received an email about the workshop,,,,,My friend/colleague told me about it,,Ethiopia,,,,,,,,,,
2/9/18 8:38,,,,,,,,,,,,,,,,,,,,,,,,,,,,,,,,,,,,,,,,,,
2/9/18 8:43,Agricultural or Environmental Sciences,,,,,,,,,,,,,,,Graduate Student,,,,,,,,,Received an email about the workshop,,,,,,,Ethiopia,,,,,,,,,,
2/9/18 8:24,,,,,,,,,,,,,,,,,,,,,,,,,,,,,,,,,,,,,,,,,,
2/8/18 14:29,Agricultural or Environmental Sciences,,,,,,,,,,,,,Plant Biology,Undergraduate Student,,,,,,,,,,,,,,My advisor/supervisor told me about it,,,United States of America,Female,,,"Asian(A person having origins in any of the original peoples of the Far East, Southeast Asia, or the Indian subcontinent including, for example, Cambodia, China, India, Japan, Korea, Malaysia, Pakistan, Indonesia, the Philippine Islands, Thailand, and Vietnam.)",,,,,,
2/8/18 12:55,,,,,,,,,,LifeÂ Sciences,,,,,,,,,,,,,,volunteer,,,,,My advisor/supervisor told me about it,,,United States of America,Female,,,"Asian(A person having origins in any of the original peoples of the Far East, Southeast Asia, or the Indian subcontinent including, for example, Cambodia, China, India, Japan, Korea, Malaysia, Pakistan, Indonesia, the Philippine Islands, Thailand, and Vietnam.)",,,,,,
2/15/18 17:58,Agricultural or Environmental Sciences,Bioinformatics/Genomics,,,,,,,,,,,,,,,,,Industry Employee,,,Management/Administrator,,,Received an email about the workshop,,,,,,,United States of America,Male,,,,,,,"White(A person having origins in any of the original peoples of Europe, the Middle East, or North Africa.)",,
2/8/18 10:32,,,,,,,,Humanities,,,,,Social Sciences,,,Graduate Student,,,,,,,,,Received an email about the workshop,,,,,,,South Africa,,,,,,,,,,
2/8/18 9:47,,Bioinformatics/Genomics,,,,,,,,LifeÂ Sciences,,Physical Sciences,,,,Graduate Student,,,,,,,,,,Read about it in a newsletter or university web site,,,,,,United Kingdom,,,,,,,,,,
2/8/18 5:33,,,Biomedical/Health Sciences,,,,,,,,,,,,,Graduate Student,,,,,,,,,,Read about it in a newsletter or university web site,,,,,,South Africa,,,,,,,,,,
2/8/18 1:47,,,,,,,,,,,,,,,,,,,,,,,,,,,,,,,,,,,,,,,,,,
2/7/18 14:38,,Bioinformatics/Genomics,,,,,,,,LifeÂ Sciences,,,,,,Graduate Student,,,,,,,,,Received an email about the workshop,,,,,,,United States of America,Female,,,,,,,"White(A person having origins in any of the original peoples of Europe, the Middle East, or North Africa.)",,
2/7/18 10:11,,,,,,,,,,,,,,,,,,,,,,,,,,,,,,,,,,,,,,,,,,
2/7/18 9:45,,,,,,,,,,,,,,,,,,,,,,,,,,,,,,,,United States of America,,,,,,,,,,
2/7/18 7:59,,Bioinformatics/Genomics,,,,,,,,LifeÂ Sciences,,,,,,Graduate Student,,,,,,,,,Received an email about the workshop,,,,My advisor/supervisor told me about it,My friend/colleague told me about it,,United States of America,Female,,,,,,,"White(A person having origins in any of the original peoples of Europe, the Middle East, or North Africa.)",,
2/7/18 7:48,,,,,,,,,,,,,,,,,,,,,,,,,,,,,,,,,,,,,,,,,,
2/7/18 6:55,,,,,,,,,,LifeÂ Sciences,,,,,,,,,,Government Employee,,,,,Received an email about the workshop,,,,,,,United States of America,Female,,,,,,,"White(A person having origins in any of the original peoples of Europe, the Middle East, or North Africa.)",,
2/7/18 4:05,,,,,,,,,,,,,,,,,,,,,,,,,,,,,,,,,,,,,,,,,,
2/7/18 3:17,,,,,,,,,,,,,,,,,,,,,,,,,,,,,,,,,,,,,,,,,,
2/7/18 2:42,,,,,,,,,,,,,,,,,,,,,,,,,,,,,,,,,,,,,,,,,,
2/7/18 2:23,Agricultural or Environmental Sciences,,,,,,,,,,,,,,,Graduate Student,,,,,,,,,,,,,,My friend/colleague told me about it,,Ethiopia,,,,,,,,,,
2/6/18 23:03,,,,Business/Economics,Computer Science,,,,,,,,,,,,,,,Government Employee,,,,,Received an email about the workshop,,,,,,,United States of America,Male,,,,,,,"White(A person having origins in any of the original peoples of Europe, the Middle East, or North Africa.)",,
2/6/18 21:24,,Bioinformatics/Genomics,,,,,,,,LifeÂ Sciences,,,,,,,Postdoctoral Researcher,,,,,,,,Received an email about the workshop,,,,,,,United States of America,Male,,,,,,,"White(A person having origins in any of the original peoples of Europe, the Middle East, or North Africa.)",,
2/6/18 20:05,,,,,,,,,,LifeÂ Sciences,,,,,,,,,,,,,,Research Associate,Received an email about the workshop,,,,,,,United States of America,Female,,,,,,,"White(A person having origins in any of the original peoples of Europe, the Middle East, or North Africa.)",,
2/6/18 18:44,,,,,,,,,,,,,,Clinical Medicine,,,Postdoctoral Researcher,,,,,,,,Received an email about the workshop,,,,,,,Australia,,,,,,,,,,
2/6/18 18:18,,Bioinformatics/Genomics,,,,,,,,,,,,,Undergraduate Student,,,,,,,,,,Received an email about the workshop,,,,,,,United States of America,Female,,,,,,,"White(A person having origins in any of the original peoples of Europe, the Middle East, or North Africa.)",,
2/6/18 16:41,,,Biomedical/Health Sciences,,,,,Humanities,,,,,Social Sciences,,,Graduate Student,,,,,,,,,Received an email about the workshop,,,,,,,United States of America,Female,,,,,,,"White(A person having origins in any of the original peoples of Europe, the Middle East, or North Africa.)",,
2/6/18 15:52,,,,,,,,,,LifeÂ Sciences,,,,,,,,,,,Research Staff,,,,Received an email about the workshop,,,,My advisor/supervisor told me about it,,,United States of America,Male,,,"Asian(A person having origins in any of the original peoples of the Far East, Southeast Asia, or the Indian subcontinent including, for example, Cambodia, China, India, Japan, Korea, Malaysia, Pakistan, Indonesia, the Philippine Islands, Thailand, and Vietnam.)",,,,,,
2/6/18 13:09,,,,,,,,,,LifeÂ Sciences,,,,,,,,,,,Research Staff,,,,Received an email about the workshop,,,,,,,United States of America,Male,,,,,,,"White(A person having origins in any of the original peoples of Europe, the Middle East, or North Africa.)",,
2/6/18 12:47,Agricultural or Environmental Sciences,Bioinformatics/Genomics,,,,,,,,LifeÂ Sciences,,,Social Sciences,,,,Postdoctoral Researcher,,,,,,,,Received an email about the workshop,,,,,My friend/colleague told me about it,,United States of America,Female,,,,,,,"White(A person having origins in any of the original peoples of Europe, the Middle East, or North Africa.)",,
2/6/18 12:07,Agricultural or Environmental Sciences,Bioinformatics/Genomics,,,,,,,,LifeÂ Sciences,,,,,,,Postdoctoral Researcher,,,,,,,,Received an email about the workshop,,,,,,,United States of America,Female,,,,,Hispanic or Latino(a)(A person of Spanish-speaking origin or ancestry and/or Latin American origin or ancestry â€“ includes Portuguese and Brazilians.),,,,
2/6/18 10:08,,Bioinformatics/Genomics,Biomedical/Health Sciences,,,,,,,,,,,,,,,,,,,,,contractor,,,,,,My friend/colleague told me about it,,United States of America,Male,,,,,,,"White(A person having origins in any of the original peoples of Europe, the Middle East, or North Africa.)",,
2/6/18 10:08,,Bioinformatics/Genomics,,,,,,,,LifeÂ Sciences,,,,,,,,,,,,,,Government Contractor,Received an email about the workshop,,,,,,,United States of America,Male,,,,,,,"White(A person having origins in any of the original peoples of Europe, the Middle East, or North Africa.)",,
2/6/18 9:48,,,,,,,,,,LifeÂ Sciences,,,,,,,Postdoctoral Researcher,,,,,,,,,,,,My advisor/supervisor told me about it,,,United States of America,Male,,,,,Hispanic or Latino(a)(A person of Spanish-speaking origin or ancestry and/or Latin American origin or ancestry â€“ includes Portuguese and Brazilians.),,,,
2/9/18 8:31,Agricultural or Environmental Sciences,,,,,,,,,,,,,,,Graduate Student,,,,,,,,,Received an email about the workshop,,,,,,,Ethiopia,,,,,,,,,,
2/6/18 1:48,Agricultural or Environmental Sciences,,,,,,,,,LifeÂ Sciences,,,,,,,,,,,Research Staff,,,,,,,,,My friend/colleague told me about it,,Ethiopia,,,,,,,,,,
2/6/18 1:14,,,,,,,,,,,,,,,,,,,,,,,,,,,,,,,,,,,,,,,,,,
2/6/18 0:44,Agricultural or Environmental Sciences,Bioinformatics/Genomics,,,,,,,,LifeÂ Sciences,,,,,,Graduate Student,,,,,,,,,,,,,,My friend/colleague told me about it,,Australia,,,,,,,,,,
2/5/18 16:41,,Bioinformatics/Genomics,,,,,,,,LifeÂ Sciences,,,,,,,Postdoctoral Researcher,,,,,,,,Received an email about the workshop,,,,,,,United States of America,Male,,,,,Hispanic or Latino(a)(A person of Spanish-speaking origin or ancestry and/or Latin American origin or ancestry â€“ includes Portuguese and Brazilians.),,"White(A person having origins in any of the original peoples of Europe, the Middle East, or North Africa.)",,
2/5/18 14:08,,Bioinformatics/Genomics,,,,,,,,LifeÂ Sciences,,,,,,,,,,,Research Staff,,,,Received an email about the workshop,,,,,,,United States of America,Male,,,,,,,"White(A person having origins in any of the original peoples of Europe, the Middle East, or North Africa.)",,
2/5/18 13:14,,,,,,,,,,LifeÂ Sciences,,,,,,,Postdoctoral Researcher,,,,,,,,Received an email about the workshop,,,,,,,United States of America,Male,,,,,,,"White(A person having origins in any of the original peoples of Europe, the Middle East, or North Africa.)",,
2/5/18 12:49,,,,,,,,,,,,,,,,,,,,,,,,,,,,,,,,,,,,,,,,,,
2/5/18 12:32,,,,,,,,,,,,,Social Sciences,,,,,,,,,,,contractor ,Received an email about the workshop,,,,My advisor/supervisor told me about it,,,United States of America,Female,,,,,,,"White(A person having origins in any of the original peoples of Europe, the Middle East, or North Africa.)",,
2/5/18 12:20,,Bioinformatics/Genomics,,,,,,,,LifeÂ Sciences,,Physical Sciences,,,,,,,,Government Employee,,,,,Received an email about the workshop,,,,My advisor/supervisor told me about it,My friend/colleague told me about it,,United States of America,Female,,,,,,,"White(A person having origins in any of the original peoples of Europe, the Middle East, or North Africa.)",,
2/5/18 12:20,,Bioinformatics/Genomics,,,,,,,,LifeÂ Sciences,,,,,,,,,,Government Employee,,,,,Received an email about the workshop,,,,,,,United States of America,Male,,,,,,,"White(A person having origins in any of the original peoples of Europe, the Middle East, or North Africa.)",,
2/5/18 12:20,,Bioinformatics/Genomics,,,,,,,,LifeÂ Sciences,,,,,,,,,,,Research Staff,,,,Received an email about the workshop,,,,,,,United States of America,Male,,,,,,,"White(A person having origins in any of the original peoples of Europe, the Middle East, or North Africa.)",,
2/5/18 11:15,,,,,,,,,,LifeÂ Sciences,,,,,,,,,,,Research Staff,,,,Received an email about the workshop,,,,,,,United States of America,Female,,,,,,,"White(A person having origins in any of the original peoples of Europe, the Middle East, or North Africa.)",,
2/5/18 11:12,,,,,,,,,,LifeÂ Sciences,,,,,,,,,,Government Employee,Research Staff,,,,Received an email about the workshop,,,,,,,United States of America,Male,,,,,,,"White(A person having origins in any of the original peoples of Europe, the Middle East, or North Africa.)",,
2/5/18 11:10,,Bioinformatics/Genomics,,,,,,,,LifeÂ Sciences,,,,,,,Postdoctoral Researcher,,,,,,,,,,,,My advisor/supervisor told me about it,,,United States of America,Male,,"American Indian or Alaska Native(A person having origins in any of the original peoples of North and South America (including Central America), and who maintains a tribal affiliation or community attachment.)",,Black or African American(A person having origins in any of the Black racial groups of Africa â€“ includes Caribbean Islanders and others of African origin.),Hispanic or Latino(a)(A person of Spanish-speaking origin or ancestry and/or Latin American origin or ancestry â€“ includes Portuguese and Brazilians.),,,,
2/5/18 10:58,,,,,,Earth Sciences,,,,,,,,Paleobiology,,,Postdoctoral Researcher,,,,,,,,Received an email about the workshop,,,,,,,United States of America,Female,,,,,,,"White(A person having origins in any of the original peoples of Europe, the Middle East, or North Africa.)",,
2/5/18 10:53,,,,,,,,,,,,,,Museum Science,,,,,,Government Employee,,,,,Received an email about the workshop,,,,,,,United States of America,Female,,,,,,,"White(A person having origins in any of the original peoples of Europe, the Middle East, or North Africa.)",,
2/5/18 10:37,,,,,Computer Science,,,,,LifeÂ Sciences,,,,,,,,,,,Research Staff,,,,Received an email about the workshop,,,,,,,United States of America,Male,,,,,,,"White(A person having origins in any of the original peoples of Europe, the Middle East, or North Africa.)",,
2/5/18 9:59,,,,,,,,,,LifeÂ Sciences,,,,,,,Postdoctoral Researcher,,,,,,,,Received an email about the workshop,,,,,,,United States of America,Female,,,,,,,"White(A person having origins in any of the original peoples of Europe, the Middle East, or North Africa.)",,
2/5/18 9:52,,,,,,,,,,,,,,Physical Anthropology,,,,,,Government Employee,,,,,Received an email about the workshop,,,,,,,United States of America,Female,,,,,,,"White(A person having origins in any of the original peoples of Europe, the Middle East, or North Africa.)",,
2/5/18 9:30,,,,,,,,,,LifeÂ Sciences,,,,,,,,,,Government Employee,Research Staff,,,,,,,,,My friend/colleague told me about it,,United States of America,Female,,,,,,,"White(A person having origins in any of the original peoples of Europe, the Middle East, or North Africa.)",,
2/5/18 8:51,,Bioinformatics/Genomics,,,,,,,,,,,Social Sciences,,,,Postdoctoral Researcher,,,,,,,,Received an email about the workshop,,,,,,,United States of America,Female,,,"Asian(A person having origins in any of the original peoples of the Far East, Southeast Asia, or the Indian subcontinent including, for example, Cambodia, China, India, Japan, Korea, Malaysia, Pakistan, Indonesia, the Philippine Islands, Thailand, and Vietnam.)",,Hispanic or Latino(a)(A person of Spanish-speaking origin or ancestry and/or Latin American origin or ancestry â€“ includes Portuguese and Brazilians.),,,,
2/5/18 8:04,,,,,,Earth Sciences,,,,,,,,,,,,,,,Research Staff,,,,Received an email about the workshop,,,,,,,United States of America,Female,,,,,,,"White(A person having origins in any of the original peoples of Europe, the Middle East, or North Africa.)",,
2/5/18 0:59,,,Biomedical/Health Sciences,,,,,,,,,,,,,,Postdoctoral Researcher,,,,,,,,Received an email about the workshop,,,,,,,Australia,,,,,,,,,,
2/15/18 19:36,,,,,,,,,,,,,,,,,,,,,,,,,,,,,,,,,,,,,,,,,,
2/4/18 17:52,,,,,,,,,,,,,,,,,,,,,,,,,,,,,,,,,,,,,,,,,,
2/4/18 11:22,,,,,,,,,,LifeÂ Sciences,,,,,,,Postdoctoral Researcher,,,,,,,,Received an email about the workshop,,,,,,,United States of America,Male,,,,,,,"White(A person having origins in any of the original peoples of Europe, the Middle East, or North Africa.)",,
2/3/18 18:52,,,,,,Earth Sciences,,,,,,Physical Sciences,,,,Graduate Student,,,,,,,,,,,,,My advisor/supervisor told me about it,,,Australia,,,,,,,,,,
2/3/18 15:58,,,,,,,Engineering,,,,,,,,,Graduate Student,,,,,,,,,,,,,My advisor/supervisor told me about it,,,Australia,,,,,,,,,,
2/3/18 10:39,,,,,,,,,,,,,,,,,,,,,,,,,,,,,,,,,,,,,,,,,,
2/3/18 10:30,Agricultural or Environmental Sciences,,,,Computer Science,Earth Sciences,,,,,,Physical Sciences,,,,Graduate Student,,,,,,,,,Received an email about the workshop,,,,,,,Australia,,,,,,,,,,
2/3/18 7:37,,,,,,Earth Sciences,Engineering,,,,Mathematics or Statistics,Physical Sciences,,,,,Postdoctoral Researcher,,,,,,,,Received an email about the workshop,,,,,,,Australia,,,,,,,,,,
2/3/18 5:22,,,,,,,,,,,,Physical Sciences,,,,,,,,Government Employee,,,,,Received an email about the workshop,,,,,,,Australia,,,,,,,,,,
2/3/18 5:05,,,,,,Earth Sciences,,,,,,,,,,Graduate Student,,,,,,,,,,,,,,My friend/colleague told me about it,,Australia,,,,,,,,,,
2/3/18 0:34,,,,,,,,,,,,,,,,,,,,,,,,,,,,,,,,,,,,,,,,,,
2/2/18 22:34,,,,,,Earth Sciences,,,,,Mathematics or Statistics,,,,,Graduate Student,,,,Government Employee,,,,,,,,,,,Conference program,Australia,,,,,,,,,,
2/2/18 21:14,,,,,,Earth Sciences,,,,,Mathematics or Statistics,,,,,Graduate Student,,,,,,,,,,,,Other web site,,,,Australia,,,,,,,,,,
2/2/18 11:25,,Bioinformatics/Genomics,Biomedical/Health Sciences,,Computer Science,,,,,LifeÂ Sciences,,,,,,,,,,Government Employee,,,,,Received an email about the workshop,,,,,My friend/colleague told me about it,,United States of America,Female,,,"Asian(A person having origins in any of the original peoples of the Far East, Southeast Asia, or the Indian subcontinent including, for example, Cambodia, China, India, Japan, Korea, Malaysia, Pakistan, Indonesia, the Philippine Islands, Thailand, and Vietnam.)",,,,"White(A person having origins in any of the original peoples of Europe, the Middle East, or North Africa.)",,
2/2/18 7:08,,,,,,,,,,LifeÂ Sciences,,,,Environmental science,,Graduate Student,,,,,,,,,,,,,,My friend/colleague told me about it,,Ethiopia,,,,,,,,,,
2/2/18 2:36,,,,,,,,,,,,,,,,,,,,,,,,,,,,,,,,,,,,,,,,,,
2/1/18 10:16,,,,,,,,,,,,,,,,,,,,,,,,,,,,,,,,,,,,,,,,,,
2/1/18 9:35,Agricultural or Environmental Sciences,,,,,,,,,,,,,,Undergraduate Student,,,,,,,,,,,Read about it in a newsletter or university web site,,,,,,Ethiopia,,,,,,,,,,
2/1/18 6:31,,,,,,,,,,,Mathematics or Statistics,Physical Sciences,,,,Graduate Student,,,,,,,,,,,,,,,Conference information,Australia,,,,,,,,,,
1/31/18 23:52,,,,,,,,,,,,,,,,,,,,,,,,,,,,,,,,,,,,,,,,,,
1/31/18 22:12,,,,,,Earth Sciences,,,,,,,,,,,,,,,Research Staff,,,,Received an email about the workshop,,,,,,,Australia,,,,,,,,,,
1/31/18 4:38,,,,,,Earth Sciences,,,,,,Physical Sciences,,,,Graduate Student,,,,,,,,,,,,,My advisor/supervisor told me about it,,,Australia,,,,,,,,,,
1/31/18 1:32,Agricultural or Environmental Sciences,,,,Computer Science,,,,,,,,,,,,,Faculty,,,,,,,,,,,,My friend/colleague told me about it,,Ethiopia,,,,,,,,,,
1/29/18 16:32,,,,,,,,,,,,,Social Sciences,,,Graduate Student,,,,,,,,,,,,,My advisor/supervisor told me about it,,,South Africa,,,,,,,,,,
1/29/18 14:00,,,,,,,,Humanities,,,,,,,,Graduate Student,,,,,,,,,Received an email about the workshop,,,,,,,South Africa,,,,,,,,,,
1/29/18 8:22,Agricultural or Environmental Sciences,,,,,Earth Sciences,Engineering,,,,,,,,,,,Faculty,,,,,,,Received an email about the workshop,,,,,,,Australia,,,,,,,,,,
1/29/18 6:27,,,,,,,,,,,,,,,,,,,,,,,,,,,,,,,,,,,,,,,,,,
1/29/18 4:56,,,,,,,,,,,,,Social Sciences,,,,,,,,Research Staff,,,,,,,,My advisor/supervisor told me about it,,,South Africa,,,,,,,,,,
1/29/18 4:31,,,,,,,,Humanities,,,,,,,,,,Faculty,,,,,,,Received an email about the workshop,,,,,,,United Kingdom,,,,,,,,,,
1/29/18 3:05,,,,,,,,,,,,,,,,,,,,,,,,,,,,,,,,,,,,,,,,,,
1/28/18 20:33,,,,,,Earth Sciences,,,,,Mathematics or Statistics,Physical Sciences,,,,,Postdoctoral Researcher,,,,,,,,Received an email about the workshop,,,,,,,Australia,,,,,,,,,,
1/28/18 13:24,,,Biomedical/Health Sciences,,,,,,,LifeÂ Sciences,,,,,,Graduate Student,,,,,,,,,,,,,,My friend/colleague told me about it,,,,,,,,,,,,
1/28/18 11:54,,,,,,,,,,,,,Social Sciences,,,Graduate Student,,Faculty,,,,,,,,,,,My advisor/supervisor told me about it,,,South Africa,,,,,,,,,,
2/9/18 8:52,,,,,,,,,,,,,,,,,,,,,,,,,,,,,,,,,,,,,,,,,,
1/28/18 6:07,,,,Business/Economics,Computer Science,,,,,,Mathematics or Statistics,,Social Sciences,,,,Postdoctoral Researcher,,,,,,,,Received an email about the workshop,,,,,,,United Kingdom,,,,,,,,,,
1/28/18 4:51,,,,,,,,,,,,,Social Sciences,,,Graduate Student,,,,,,,,,Received an email about the workshop,,,,,,,South Africa,,,,,,,,,,
1/27/18 16:58,,,Biomedical/Health Sciences,,,,,,,,,,,,,Graduate Student,,,,,,,,,Received an email about the workshop,,,,,,,Germany,,,,,,,,,,
1/27/18 11:21,,,,,,,,Humanities,,,,,,,,Graduate Student,,,,,,,,,Received an email about the workshop,,,,,,,South Africa,,,,,,,,,,
1/26/18 11:29,,,,,,,,,,,,,,,,,,,,,,,,,,,,,,,,United Kingdom,,,,,,,,,,
1/26/18 9:14,,Bioinformatics/Genomics,Biomedical/Health Sciences,,,,,,,LifeÂ Sciences,,,,,,,Postdoctoral Researcher,,,,,,,,,,,,,My friend/colleague told me about it,,Germany,,,,,,,,,,
1/26/18 8:02,,,Biomedical/Health Sciences,,,,,,,LifeÂ Sciences,,,,,,Graduate Student,,,,,,,,,Received an email about the workshop,,,,,My friend/colleague told me about it,,Germany,,,,,,,,,,
1/26/18 7:51,,,,,,,,,,,,,,,,,,,,,,,,,,,,,,,,,,,,,,,,,,
1/26/18 7:44,,,,,,,,,,LifeÂ Sciences,,,,,,Graduate Student,,,,,,,,,,,,,,My friend/colleague told me about it,,Germany,,,,,,,,,,
1/26/18 7:04,,,,Business/Economics,Computer Science,,,Humanities,,,,,Social Sciences,International Relation,,Graduate Student,,,,,,,,,Received an email about the workshop,,,,My advisor/supervisor told me about it,,,South Africa,,,,,,,,,,
1/26/18 6:13,,,,,,,,,,,,,Social Sciences,,,,,Faculty,,,,,,,,,,,,,Organizer/host,South Africa,,,,,,,,,,
1/26/18 4:20,,,,,,,,,,LifeÂ Sciences,,,,,,,Postdoctoral Researcher,,,,,,,,,,,,,My friend/colleague told me about it,,Germany,,,,,,,,,,
1/25/18 11:36,,,,,,,,,,,,,Social Sciences,,,Graduate Student,,,,,,,,,,,,,,My friend/colleague told me about it,,United Kingdom,,,,,,,,,,
1/25/18 10:41,,,,,,,,,,,,,Social Sciences,,,Graduate Student,,,,,,,,,,Read about it in a newsletter or university web site,,,My advisor/supervisor told me about it,My friend/colleague told me about it,,United States of America,Female,,,"Asian(A person having origins in any of the original peoples of the Far East, Southeast Asia, or the Indian subcontinent including, for example, Cambodia, China, India, Japan, Korea, Malaysia, Pakistan, Indonesia, the Philippine Islands, Thailand, and Vietnam.)",,,,,,
1/24/18 17:59,,,,,,Earth Sciences,,,,,Mathematics or Statistics,Physical Sciences,,"Weather Forecasting, Verification",,,,,,Government Employee,Research Staff,,,,,,,,,,Within registration information for the AMOS conference,Australia,,,,,,,,,,
1/24/18 12:36,Agricultural or Environmental Sciences,Bioinformatics/Genomics,,,,,Engineering,,,LifeÂ Sciences,,,,,,,Postdoctoral Researcher,,,,,,,,Received an email about the workshop,,,,,,,United States of America,Female,,,,,Hispanic or Latino(a)(A person of Spanish-speaking origin or ancestry and/or Latin American origin or ancestry â€“ includes Portuguese and Brazilians.),,,,
1/24/18 12:32,Agricultural or Environmental Sciences,Bioinformatics/Genomics,,,,,,,,,,,,,,,Postdoctoral Researcher,,,,,,,,Received an email about the workshop,,,,,,,United States of America,Male,,,,,,,"White(A person having origins in any of the original peoples of Europe, the Middle East, or North Africa.)",,
1/25/18 19:33,,Bioinformatics/Genomics,,,,,,,,LifeÂ Sciences,,,,,,Graduate Student,,,,,,,,,Received an email about the workshop,,,,,My friend/colleague told me about it,,United States of America,Female,,,"Asian(A person having origins in any of the original peoples of the Far East, Southeast Asia, or the Indian subcontinent including, for example, Cambodia, China, India, Japan, Korea, Malaysia, Pakistan, Indonesia, the Philippine Islands, Thailand, and Vietnam.)",,,,"White(A person having origins in any of the original peoples of Europe, the Middle East, or North Africa.)",,
1/24/18 12:12,,,,,,,,,,LifeÂ Sciences,,,,,,,Postdoctoral Researcher,,,,,,,,Received an email about the workshop,,,,,,,,,,,,,,,,,
1/24/18 12:12,,Bioinformatics/Genomics,,,,,,,,LifeÂ Sciences,,,,,,Graduate Student,,,,,,,,,Received an email about the workshop,,,,,My friend/colleague told me about it,,United States of America,Female,,,,,,,"White(A person having origins in any of the original peoples of Europe, the Middle East, or North Africa.)",,
1/24/18 11:01,Agricultural or Environmental Sciences,,,,,,,,,,,,,,,Graduate Student,,,,,,,,,Received an email about the workshop,,,,,,,United States of America,Female,,,,,Hispanic or Latino(a)(A person of Spanish-speaking origin or ancestry and/or Latin American origin or ancestry â€“ includes Portuguese and Brazilians.),,,,
1/24/18 7:56,,,,,,,,,,,,,,,,,,,,,,,,,,,,,,,,,,,,,,,,,,
1/24/18 6:54,,,,Business/Economics,,,,Humanities,,,Mathematics or Statistics,,Social Sciences,,Undergraduate Student,,,,,,,,,,,,,,My advisor/supervisor told me about it,,,United Kingdom,,,,,,,,,,
1/24/18 6:05,,,,,,,,,,,,,,,,,,,,,,,,,,,,,,,,,,,,,,,,,,
1/24/18 5:51,,,,,,,,,,,,,,,,,,,,,,,,,,,,,,,,,,,,,,,,,,
1/24/18 1:28,,Bioinformatics/Genomics,,,,,,,,LifeÂ Sciences,,,,,,,Postdoctoral Researcher,,,,,,,,Received an email about the workshop,,,,,My friend/colleague told me about it,,United States of America,Female,,,,,,,"White(A person having origins in any of the original peoples of Europe, the Middle East, or North Africa.)",,
1/24/18 1:00,,,,,,,,,,,,,,,,,,,,,,,,,,,,,,,,,,,,,,,,,,
1/24/18 0:33,,Bioinformatics/Genomics,,,,Earth Sciences,,,,,,,,,,Graduate Student,,,,,,,,,Received an email about the workshop,,,,,,,United States of America,Female,,,,,Hispanic or Latino(a)(A person of Spanish-speaking origin or ancestry and/or Latin American origin or ancestry â€“ includes Portuguese and Brazilians.),,,,
1/23/18 23:33,Agricultural or Environmental Sciences,Bioinformatics/Genomics,,,,,,,,,,,,,,Graduate Student,,,,,,,,,Received an email about the workshop,,,,,,,United States of America,Female,,,,,Hispanic or Latino(a)(A person of Spanish-speaking origin or ancestry and/or Latin American origin or ancestry â€“ includes Portuguese and Brazilians.),,,,
1/23/18 22:37,,,,,,,,,,,,,,,,,,,,,,,,,,,,,,,,,,,,,,,,,,
1/23/18 18:41,Agricultural or Environmental Sciences,,,,,,,,,,,,,,,Graduate Student,,,,,,,,,Received an email about the workshop,,,,,,,United States of America,Male,,,"Asian(A person having origins in any of the original peoples of the Far East, Southeast Asia, or the Indian subcontinent including, for example, Cambodia, China, India, Japan, Korea, Malaysia, Pakistan, Indonesia, the Philippine Islands, Thailand, and Vietnam.)",,,,,,
1/23/18 18:07,Agricultural or Environmental Sciences,Bioinformatics/Genomics,Biomedical/Health Sciences,,,,,,,LifeÂ Sciences,,,,,,Graduate Student,,,,,,,,,Received an email about the workshop,,,,My advisor/supervisor told me about it,My friend/colleague told me about it,,United States of America,Male,,,,,,,"White(A person having origins in any of the original peoples of Europe, the Middle East, or North Africa.)",,
1/23/18 16:45,Agricultural or Environmental Sciences,Bioinformatics/Genomics,,,,,,,,,,,,,,Graduate Student,,,,,,,,,Received an email about the workshop,,,,,,,United States of America,Male,,"American Indian or Alaska Native(A person having origins in any of the original peoples of North and South America (including Central America), and who maintains a tribal affiliation or community attachment.)",,Black or African American(A person having origins in any of the Black racial groups of Africa â€“ includes Caribbean Islanders and others of African origin.),Hispanic or Latino(a)(A person of Spanish-speaking origin or ancestry and/or Latin American origin or ancestry â€“ includes Portuguese and Brazilians.),,"White(A person having origins in any of the original peoples of Europe, the Middle East, or North Africa.)",,
1/23/18 15:58,,,,,,,,,,,,,,Wildlife Ecology and Conservation,Undergraduate Student,,,,,,,,,,,,,,,My friend/colleague told me about it,,United States of America,Male,,,,,,,"White(A person having origins in any of the original peoples of Europe, the Middle East, or North Africa.)",,
1/23/18 15:03,,,,,,,,Humanities,,,,,Social Sciences,,,Graduate Student,,,,,,,,,Received an email about the workshop,,,,My advisor/supervisor told me about it,,,South Africa,,,,,,,,,,
1/23/18 11:59,,,,,,,,,,LifeÂ Sciences,,,,,,,,,,,Research Staff,,,,Received an email about the workshop,,,,,,,United States of America,Female,,,,,,,,,
1/23/18 11:47,Agricultural or Environmental Sciences,,,,,,,,,LifeÂ Sciences,,,,,,Graduate Student,,,,,,,,,Received an email about the workshop,,,,,My friend/colleague told me about it,,United States of America,Female,,,,,,,"White(A person having origins in any of the original peoples of Europe, the Middle East, or North Africa.)",,
1/23/18 9:57,,,Biomedical/Health Sciences,,,,,,,LifeÂ Sciences,,,,,,Graduate Student,,,,,,,,,Received an email about the workshop,,,,,,,Germany,,,,,,,,,,
1/23/18 10:01,,,Biomedical/Health Sciences,,,,,,,,,,,,,Graduate Student,,,,,,,,,Received an email about the workshop,,,,,,,Germany,,,,,,,,,,
1/23/18 4:43,,,,,,,,Humanities,,,,,Social Sciences,,,Graduate Student,,,,,,,,,,,,,,My friend/colleague told me about it,,South Africa,,,,,,,,,,
1/22/18 23:44,Agricultural or Environmental Sciences,Bioinformatics/Genomics,,,,,,,,,,,,,,Graduate Student,,,,,,,,,,,,,,My friend/colleague told me about it,,United States of America,Male,,,,,,,,I prefer not to say.,
1/22/18 23:43,Agricultural or Environmental Sciences,Bioinformatics/Genomics,,,,,,,,LifeÂ Sciences,,,,,,Graduate Student,,,,,,,,,Received an email about the workshop,,,,,,,United States of America,Male,,,,,,,"White(A person having origins in any of the original peoples of Europe, the Middle East, or North Africa.)",,
1/22/18 23:00,,Bioinformatics/Genomics,,,,,,,,LifeÂ Sciences,,,,,,Graduate Student,,,,,Research Staff,,,,Received an email about the workshop,,,,,,,United States of America,Female,,,,,Hispanic or Latino(a)(A person of Spanish-speaking origin or ancestry and/or Latin American origin or ancestry â€“ includes Portuguese and Brazilians.),,"White(A person having origins in any of the original peoples of Europe, the Middle East, or North Africa.)",,
1/22/18 22:51,,,,,,,,,,LifeÂ Sciences,,,,,,Graduate Student,,,,,,,,,,,,,My advisor/supervisor told me about it,,,United States of America,Female,,,,,,,"White(A person having origins in any of the original peoples of Europe, the Middle East, or North Africa.)",,
1/22/18 22:32,Agricultural or Environmental Sciences,Bioinformatics/Genomics,,,,,,,,LifeÂ Sciences,,,,,,Graduate Student,,,,,,,,,Received an email about the workshop,,,,,,,United States of America,Male,,,"Asian(A person having origins in any of the original peoples of the Far East, Southeast Asia, or the Indian subcontinent including, for example, Cambodia, China, India, Japan, Korea, Malaysia, Pakistan, Indonesia, the Philippine Islands, Thailand, and Vietnam.)",,,,"White(A person having origins in any of the original peoples of Europe, the Middle East, or North Africa.)",,
1/22/18 21:34,Agricultural or Environmental Sciences,Bioinformatics/Genomics,,,,,,,,LifeÂ Sciences,,,,,,Graduate Student,,,,,,,,,Received an email about the workshop,,,,My advisor/supervisor told me about it,My friend/colleague told me about it,,United States of America,Female,,,,,,,"White(A person having origins in any of the original peoples of Europe, the Middle East, or North Africa.)",,
1/22/18 18:18,,Bioinformatics/Genomics,,,,,,,,LifeÂ Sciences,,,,,,Graduate Student,,,,,,,,,Received an email about the workshop,,,,,,,United States of America,Female,,,,,,,"White(A person having origins in any of the original peoples of Europe, the Middle East, or North Africa.)",,
1/22/18 17:54,Agricultural or Environmental Sciences,,,,,,,,,,,,,,,Graduate Student,,,,,,,,,Received an email about the workshop,,,,,My friend/colleague told me about it,,United States of America,Female,,,,,,,"White(A person having origins in any of the original peoples of Europe, the Middle East, or North Africa.)",,
1/22/18 15:38,,Bioinformatics/Genomics,Biomedical/Health Sciences,,,,,,,,,,,,,,,,Industry Employee,,,Management/Administrator,,,Received an email about the workshop,,,,,,,United States of America,Male,,,"Asian(A person having origins in any of the original peoples of the Far East, Southeast Asia, or the Indian subcontinent including, for example, Cambodia, China, India, Japan, Korea, Malaysia, Pakistan, Indonesia, the Philippine Islands, Thailand, and Vietnam.)",,,,,,
1/22/18 7:17,,,,,,,,Humanities,,,,,Social Sciences,,,Graduate Student,,,,,,,,,Received an email about the workshop,,,,My advisor/supervisor told me about it,,,South Africa,,,,,,,,,,
1/22/18 3:46,,,,,,,,,,,,,,,,,,,,,,,,,,,,,,,,,,,,,,,,,,
1/21/18 19:58,,,,,,Earth Sciences,,,,,,,,,,Graduate Student,,,,,,,,,Received an email about the workshop,,,,,,,Australia,,,,,,,,,,
1/21/18 19:52,,,,,,Earth Sciences,,,,,Mathematics or Statistics,Physical Sciences,,,,,,Faculty,,,,,,,Received an email about the workshop,,,,,My friend/colleague told me about it,,Australia,,,,,,,,,,
1/21/18 19:06,,,,,,Earth Sciences,,,,,Mathematics or Statistics,Physical Sciences,,,,Graduate Student,,,,,,,,,Received an email about the workshop,,,,,,,Australia,,,,,,,,,,
1/21/18 17:19,,,,,,,,,,,,,,Insurance,,,,,Industry Employee,,,,,,,,,,My advisor/supervisor told me about it,My friend/colleague told me about it,,Australia,,,,,,,,,,
1/19/18 18:33,Agricultural or Environmental Sciences,,,,,Earth Sciences,,,,,,,,,,,,,,Government Employee,Research Staff,,,,Received an email about the workshop,,,,,,,Australia,,,,,,,,,,
1/19/18 15:10,,,,,,,,,,LifeÂ Sciences,,,,,,,,,,,Research Staff,,,,Received an email about the workshop,,,,,,,United States of America,Male,,,,,,,"White(A person having origins in any of the original peoples of Europe, the Middle East, or North Africa.)",,
1/19/18 12:30,,Bioinformatics/Genomics,Biomedical/Health Sciences,,,,,,,,,,,,,,Postdoctoral Researcher,,,,,,,,Received an email about the workshop,,,,,,,United States of America,Female,,,,,Hispanic or Latino(a)(A person of Spanish-speaking origin or ancestry and/or Latin American origin or ancestry â€“ includes Portuguese and Brazilians.),,,,
1/19/18 6:11,Agricultural or Environmental Sciences,,,,,Earth Sciences,,,,,,Physical Sciences,,,,Graduate Student,,,,,,,,PhD student,,Read about it in a newsletter or university web site,,,My advisor/supervisor told me about it,,,Australia,,,,,,,,,,
1/18/18 23:39,,,,,,,,,,,,,Social Sciences,,,Graduate Student,,,,,,,,,Received an email about the workshop,,,,,,,United States of America,,,,,,,,,,
1/19/18 8:52,Agricultural or Environmental Sciences,,,,,,,,,,,,,,,,,,,,Research Staff,,,,,,,,,My friend/colleague told me about it,,United States of America,Female,,,,Black or African American(A person having origins in any of the Black racial groups of Africa â€“ includes Caribbean Islanders and others of African origin.),Hispanic or Latino(a)(A person of Spanish-speaking origin or ancestry and/or Latin American origin or ancestry â€“ includes Portuguese and Brazilians.),,,,
1/18/18 15:15,Agricultural or Environmental Sciences,,,,,,,,,,Mathematics or Statistics,,,,,,Postdoctoral Researcher,,,,,,,,Received an email about the workshop,,,,,,,United States of America,Female,,,,,,,"White(A person having origins in any of the original peoples of Europe, the Middle East, or North Africa.)",,
1/18/18 14:48,,,,,,,,,,,,,,,,,,,,,,,,,,,,,,,,,,,,,,,,,,
1/18/18 14:17,,,,,,,,,,,Mathematics or Statistics,,Social Sciences,,Undergraduate Student,,,,,,,,,,,,Twitter or other social media,,My advisor/supervisor told me about it,My friend/colleague told me about it,,United States of America,Female,,,,,,,"White(A person having origins in any of the original peoples of Europe, the Middle East, or North Africa.)",,
1/18/18 13:24,Agricultural or Environmental Sciences,,,,,,,,,LifeÂ Sciences,,,,,,,,,,Government Employee,,,,,Received an email about the workshop,,,,,My friend/colleague told me about it,,United States of America,Female,,,,,,,"White(A person having origins in any of the original peoples of Europe, the Middle East, or North Africa.)",,
1/18/18 13:20,Agricultural or Environmental Sciences,Bioinformatics/Genomics,,,,,,,,LifeÂ Sciences,,,,,,Graduate Student,,,,,,,,,Received an email about the workshop,,,,,,,United States of America,Female,,,,,,"Native Hawaiian or Other Pacific Islander(A person having origins in any of the original peoples of Hawaii, Guam, Samoa, or other Pacific Islands.)",,,
1/18/18 10:48,,,,,,,,,,,Mathematics or Statistics,,,Physics,Undergraduate Student,,,,,,,,,,,,,,,My friend/colleague told me about it,,United States of America,Male,,,"Asian(A person having origins in any of the original peoples of the Far East, Southeast Asia, or the Indian subcontinent including, for example, Cambodia, China, India, Japan, Korea, Malaysia, Pakistan, Indonesia, the Philippine Islands, Thailand, and Vietnam.)",,,,,,
1/18/18 10:14,Agricultural or Environmental Sciences,,,,,,,,,,,,,,,Graduate Student,,,,,,,,,Received an email about the workshop,,,,,,,United States of America,Female,,,,Black or African American(A person having origins in any of the Black racial groups of Africa â€“ includes Caribbean Islanders and others of African origin.),,,,,
1/18/18 9:31,,,Biomedical/Health Sciences,,,,,,,,,,,,,Graduate Student,,,,,,,,,,,,,,My friend/colleague told me about it,,United States of America,Male,,,"Asian(A person having origins in any of the original peoples of the Far East, Southeast Asia, or the Indian subcontinent including, for example, Cambodia, China, India, Japan, Korea, Malaysia, Pakistan, Indonesia, the Philippine Islands, Thailand, and Vietnam.)",,,,,,
1/17/18 18:01,,,,,,,Engineering,,,,,,,,Undergraduate Student,,,,,,,,,,,,Twitter or other social media,,,,,United States of America,Male,,,,,,,"White(A person having origins in any of the original peoples of Europe, the Middle East, or North Africa.)",,
1/17/18 17:43,Agricultural or Environmental Sciences,,,,,,,,,,,,,,,Graduate Student,,,,,,,,,Received an email about the workshop,,,,,My friend/colleague told me about it,,United States of America,Male,,,,,,,,,Afghanistan
1/17/18 16:40,,,,,,,,Humanities,,,Mathematics or Statistics,,,,Undergraduate Student,,,,,,,,,,,,Twitter or other social media,,,,UF Statistics Club,United States of America,Female,,,,,,,"White(A person having origins in any of the original peoples of Europe, the Middle East, or North Africa.)",,
1/17/18 16:17,,,,,,,,,,,,,,,,,,,,,,,,,,,,,,,,,,,,,,,,,,
2/20/18 19:08,,,,,,,,,,,,,,,,,,,,,,,,,,,,,,,,,,,,,,,,,,
1/17/18 4:26,Agricultural or Environmental Sciences,,,,,,,,,,,,,,,Graduate Student,,,,,,,,,,,,,,My friend/colleague told me about it,,Ethiopia,,,,,,,,,,
1/15/18 21:37,Agricultural or Environmental Sciences,Bioinformatics/Genomics,,,,,,,,LifeÂ Sciences,,,,,,,,,,,Research Staff,,,,Received an email about the workshop,,,,,,,United States of America,Female,,,,,,,"White(A person having origins in any of the original peoples of Europe, the Middle East, or North Africa.)",,
1/15/18 19:06,Agricultural or Environmental Sciences,Bioinformatics/Genomics,,,,,,,,LifeÂ Sciences,,,,,,,,,Industry Employee,,Research Staff,,,,Received an email about the workshop,,,,,,,United States of America,Female,,,"Asian(A person having origins in any of the original peoples of the Far East, Southeast Asia, or the Indian subcontinent including, for example, Cambodia, China, India, Japan, Korea, Malaysia, Pakistan, Indonesia, the Philippine Islands, Thailand, and Vietnam.)",,,,,,
1/15/18 5:26,,Bioinformatics/Genomics,Biomedical/Health Sciences,,,,,,,LifeÂ Sciences,,,,,,,Postdoctoral Researcher,,,,,,,,Received an email about the workshop,,,,,My friend/colleague told me about it,,Germany,,,,,,,,,,
1/15/18 5:28,,,,,,,,Humanities,,,,,Social Sciences,,,Graduate Student,,Faculty,,,,,,,Received an email about the workshop,,,Other web site,,,,South Africa,,,,,,,,,,
1/15/18 0:10,,,,,,,,,,,,,,,,,,,,,,,,,,,,,,,,,,,,,,,,,,
1/14/18 15:40,,,,,,,,,,LifeÂ Sciences,,,,,,,Postdoctoral Researcher,,,,,,,,,,,,,My friend/colleague told me about it,,Germany,,,,,,,,,,
1/13/18 12:36,,,,,,,,,,,,,,Geomatics,,,,,,,Research Staff,,,,Received an email about the workshop,,,,,,,Ethiopia,,,,,,,,,,
1/23/18 14:06,,Bioinformatics/Genomics,Biomedical/Health Sciences,,,,,,,LifeÂ Sciences,,,,,,,,Faculty,,,,,,,Received an email about the workshop,,,,,,,United States of America,Male,,,,,,,"White(A person having origins in any of the original peoples of Europe, the Middle East, or North Africa.)",,
1/12/18 10:19,,,,,,,,,,,Mathematics or Statistics,,,,,Graduate Student,,,,,,,,,Received an email about the workshop,,,,,,,United States of America,Female,,,"Asian(A person having origins in any of the original peoples of the Far East, Southeast Asia, or the Indian subcontinent including, for example, Cambodia, China, India, Japan, Korea, Malaysia, Pakistan, Indonesia, the Philippine Islands, Thailand, and Vietnam.)",,,,,,
1/12/18 8:36,,,,,,,,,,,,,,,,,,,,,,,,,,,,,,,,,,,,,,,,,,
1/12/18 4:27,Agricultural or Environmental Sciences,,,,,,,,,,,,,,,Graduate Student,,,,,,,,,,,,,,My friend/colleague told me about it,,Ethiopia,,,,,,,,,,
1/12/18 2:20,Agricultural or Environmental Sciences,,,,,,,,,,,,,,,Graduate Student,,,,,,,,,,,,,My advisor/supervisor told me about it,,,Ethiopia,,,,,,,,,,
1/12/18 2:19,Agricultural or Environmental Sciences,,,,,,,,,,,,,,,Graduate Student,,,,,,,,,Received an email about the workshop,,,,My advisor/supervisor told me about it,,,Ethiopia,,,,,,,,,,
1/23/18 11:46,Agricultural or Environmental Sciences,,,,,,,,,,,,,,,,,,,,Research Staff,,,,Received an email about the workshop,,,,,,,United States of America,Prefer not to answer,,,,,,,,I prefer not to say.,
1/11/18 16:30,,,,Business/Economics,,,Engineering,,,,Mathematics or Statistics,,,,,Graduate Student,,,,,,,,,Received an email about the workshop,,,,,,,United States of America,Male,,,"Asian(A person having origins in any of the original peoples of the Far East, Southeast Asia, or the Indian subcontinent including, for example, Cambodia, China, India, Japan, Korea, Malaysia, Pakistan, Indonesia, the Philippine Islands, Thailand, and Vietnam.)",,,,,,
1/11/18 16:30,,,,,,,,,,,,,,Data Science,,,,,,,,,,Pursuing Masters,Received an email about the workshop,,,,,,,United States of America,Male,,,"Asian(A person having origins in any of the original peoples of the Far East, Southeast Asia, or the Indian subcontinent including, for example, Cambodia, China, India, Japan, Korea, Malaysia, Pakistan, Indonesia, the Philippine Islands, Thailand, and Vietnam.)",,,,,,
1/11/18 16:29,,,Biomedical/Health Sciences,,,,,,,,,,,,,Graduate Student,,,,,,,,,Received an email about the workshop,,,,,,,United States of America,Female,,,,,,,,,Multiracial
1/11/18 15:57,,,,,,,,,,,,,,,,,,,,,,,,,,,,,,,,,,,,,,,,,,
1/11/18 15:18,,,,,,,,,,LifeÂ Sciences,,,,,,Graduate Student,,,,,,,,,Received an email about the workshop,,,,,,,United States of America,Female,,,,,,,"White(A person having origins in any of the original peoples of Europe, the Middle East, or North Africa.)",,
1/11/18 14:33,,,,,,,,,,,,,,,,,,,,,,,,,,,,,,,,,,,,,,,,,,
1/11/18 15:22,,Bioinformatics/Genomics,,,,,,,,LifeÂ Sciences,,,,,,,Postdoctoral Researcher,,,,,,,,Received an email about the workshop,,,,,,,United States of America,Female,,,,,,,"White(A person having origins in any of the original peoples of Europe, the Middle East, or North Africa.)",,
1/11/18 13:03,Agricultural or Environmental Sciences,,,,,,,,,,,,,,,,Postdoctoral Researcher,,,,,,,,,,,,,My friend/colleague told me about it,,United States of America,Female,,,,,,,"White(A person having origins in any of the original peoples of Europe, the Middle East, or North Africa.)",,
1/11/18 12:47,Agricultural or Environmental Sciences,,,,,,,,,,,,,,,,,,,,Research Staff,,,,Received an email about the workshop,,,,,,,United States of America,Female,,,,,,,"White(A person having origins in any of the original peoples of Europe, the Middle East, or North Africa.)",,
1/11/18 12:01,,Bioinformatics/Genomics,,,,,,,,,,,,,,,Postdoctoral Researcher,,,,,,,,Received an email about the workshop,,,,,,,United States of America,Female,,,,,Hispanic or Latino(a)(A person of Spanish-speaking origin or ancestry and/or Latin American origin or ancestry â€“ includes Portuguese and Brazilians.),,,,
1/11/18 11:48,Agricultural or Environmental Sciences,,,,,,,,,,,,,,,Graduate Student,,,,,,,,,Received an email about the workshop,,,,,,,Ethiopia,,,,,,,,,,
1/11/18 11:23,,,,,,,,,,,,,,,,,,,,,,,,,,,,,,,,,,,,,,,,,,
1/11/18 10:57,,,,,,,,,,,,Physical Sciences,,,Undergraduate Student,,,,,,Research Staff,,,,Received an email about the workshop,,,,,,,United States of America,Female,,,"Asian(A person having origins in any of the original peoples of the Far East, Southeast Asia, or the Indian subcontinent including, for example, Cambodia, China, India, Japan, Korea, Malaysia, Pakistan, Indonesia, the Philippine Islands, Thailand, and Vietnam.)",,,,"White(A person having origins in any of the original peoples of Europe, the Middle East, or North Africa.)",,
1/11/18 10:57,Agricultural or Environmental Sciences,,,,,,,,,,,,,,,Graduate Student,,,,,,,,,Received an email about the workshop,,,,,,,Ethiopia,,,,,,,,,,
1/11/18 9:28,Agricultural or Environmental Sciences,,,,,,,,,,,,,,,Graduate Student,,,,,,,,,,,,,,,,Ethiopia,,,,,,,,,,
1/11/18 9:05,,,,,,,,,,,,,,,,,,,,,,,,,,,,,,,,,,,,,,,,,,
1/11/18 1:16,Agricultural or Environmental Sciences,Bioinformatics/Genomics,,Business/Economics,,,,,,LifeÂ Sciences,,,,,,Graduate Student,,,,,,,,,Received an email about the workshop,,,,,,,United States of America,Female,,,,,,,"White(A person having origins in any of the original peoples of Europe, the Middle East, or North Africa.)",,
1/11/18 1:08,,,,,,,,,,LifeÂ Sciences,,,,,,Graduate Student,,,,,,,,,Received an email about the workshop,,,,,,,United States of America,Female,,,,,,,"White(A person having origins in any of the original peoples of Europe, the Middle East, or North Africa.)",,
1/11/18 0:51,,,,,,,Engineering,,,,,,,,,,,Faculty,,,,,,,Received an email about the workshop,,,,,,,South Africa,,,,,,,,,,
1/11/18 0:05,,Bioinformatics/Genomics,,,,Earth Sciences,,,,LifeÂ Sciences,,,,,,,,Faculty,,,,,,,Received an email about the workshop,,,,,My friend/colleague told me about it,,United States of America,Female,,,,,,,"White(A person having origins in any of the original peoples of Europe, the Middle East, or North Africa.)",,
1/10/18 23:38,,,,Business/Economics,,,,,,,,,,,,Graduate Student,,,,,,,,,Received an email about the workshop,,,,,,,United States of America,,,,,,,,,,
1/10/18 21:05,,,,,Computer Science,,,,,,Mathematics or Statistics,,,,,Graduate Student,,,,,,,,,Received an email about the workshop,,,,,,,United States of America,Male,,,"Asian(A person having origins in any of the original peoples of the Far East, Southeast Asia, or the Indian subcontinent including, for example, Cambodia, China, India, Japan, Korea, Malaysia, Pakistan, Indonesia, the Philippine Islands, Thailand, and Vietnam.)",,,,,,
1/10/18 18:51,,Bioinformatics/Genomics,,,,,,,,LifeÂ Sciences,,,,,,Graduate Student,,,,,,,,,Received an email about the workshop,,,,,,,United States of America,Female,,,,,,,"White(A person having origins in any of the original peoples of Europe, the Middle East, or North Africa.)",,
1/10/18 18:48,,,,,,,,,,,,,,,,,,,,,,,,,,,,,,,,,,,,,,,,,,
1/10/18 17:50,,,,,,,,,,LifeÂ Sciences,,,,,,Graduate Student,,,,,,,,,Received an email about the workshop,,,,,My friend/colleague told me about it,,United States of America,Female,,,,,,,"White(A person having origins in any of the original peoples of Europe, the Middle East, or North Africa.)",,
1/10/18 17:08,Agricultural or Environmental Sciences,,,,,Earth Sciences,,,,,,,,,,Graduate Student,,,,,,,,,Received an email about the workshop,,,,,,,United States of America,Male,,,,Black or African American(A person having origins in any of the Black racial groups of Africa â€“ includes Caribbean Islanders and others of African origin.),,,,,
1/10/18 17:01,,,,,,,,,,LifeÂ Sciences,,,,,,,Postdoctoral Researcher,Faculty,,,,,,,Received an email about the workshop,,,,,,,United States of America,Male,,,,Black or African American(A person having origins in any of the Black racial groups of Africa â€“ includes Caribbean Islanders and others of African origin.),,,,,
1/10/18 16:27,,,,,,,Engineering,,,,,,,Geomatics,,,,Faculty,,,,,,,Received an email about the workshop,,,,,My friend/colleague told me about it,,South Africa,,,,,,,,,,
1/10/18 16:32,Agricultural or Environmental Sciences,,,,,,,,,LifeÂ Sciences,,,,,,,,,,,Research Staff,,,,Received an email about the workshop,,,,,,,United States of America,Male,,,,,,,"White(A person having origins in any of the original peoples of Europe, the Middle East, or North Africa.)",,
1/10/18 15:16,Agricultural or Environmental Sciences,,,,Computer Science,,,,,,,,,,,Graduate Student,,,,,,,,,Received an email about the workshop,,,,,,,United States of America,Male,,,,,,,"White(A person having origins in any of the original peoples of Europe, the Middle East, or North Africa.)",,
1/10/18 14:34,,,,,Computer Science,,Engineering,Humanities,Library Sciences,,,,Social Sciences,,Undergraduate Student,,,,,,,,,,Received an email about the workshop,,,,My advisor/supervisor told me about it,,,United States of America,Male,,,"Asian(A person having origins in any of the original peoples of the Far East, Southeast Asia, or the Indian subcontinent including, for example, Cambodia, China, India, Japan, Korea, Malaysia, Pakistan, Indonesia, the Philippine Islands, Thailand, and Vietnam.)",,,,,,
1/10/18 14:24,Agricultural or Environmental Sciences,Bioinformatics/Genomics,,,,Earth Sciences,,,,LifeÂ Sciences,,,,,,Graduate Student,,,,,,,,,Received an email about the workshop,,,,My advisor/supervisor told me about it,,,United States of America,Male,,,,,,,"White(A person having origins in any of the original peoples of Europe, the Middle East, or North Africa.)",,
1/13/18 0:41,,Bioinformatics/Genomics,,,,,,,,LifeÂ Sciences,,,,,,Graduate Student,,,,,,,,,,,,,,My friend/colleague told me about it,,,,,,,,,,,,
1/10/18 13:42,,,,,,,,,,,,,,,,,,,,,,,,,,,,,,,,,,,,,,,,,,
1/10/18 10:28,,,,,,,,,,,,,,,,,,,,,,,,,,,,,,,,,,,,,,,,,,
1/10/18 9:24,,,,,,,Engineering,,,,Mathematics or Statistics,,,,,,,,,,,,,Emeritus Professor,,,,,,My friend/colleague told me about it,,South Africa,,,,,,,,,,
1/10/18 8:59,,,Biomedical/Health Sciences,,,,,,,LifeÂ Sciences,,,,,,,Postdoctoral Researcher,,,,,,,,Received an email about the workshop,,,,,,,Germany,,,,,,,,,,
1/10/18 8:29,,,,,,,,,,LifeÂ Sciences,,,,,,Graduate Student,,,,,,,,,Received an email about the workshop,,,,,,,Germany,,,,,,,,,,
1/26/18 5:16,,,,,,,,,,,,,,,,,,,,,,,,,,,,,,,,,,,,,,,,,,
1/10/18 5:43,,,,,,Earth Sciences,,,,,,,,,,Graduate Student,,,,,,,,University Academic,Received an email about the workshop,,,,My advisor/supervisor told me about it,,,South Africa,,,,,,,,,,
1/10/18 5:05,,,,,,,Engineering,,,,,,,,,Graduate Student,,,,,Research Staff,,,,,,,,My advisor/supervisor told me about it,,,South Africa,,,,,,,,,,
1/10/18 4:57,,,Biomedical/Health Sciences,,,,,,,LifeÂ Sciences,,,,,,,,,,,Research Staff,,,,,,,,,My friend/colleague told me about it,,South Africa,,,,,,,,,,
1/10/18 4:14,,,,,,,Engineering,,,,,,,,,Graduate Student,,,,,,,,,Received an email about the workshop,,,,,,,South Africa,,,,,,,,,,
1/10/18 2:51,Agricultural or Environmental Sciences,,,,,Earth Sciences,Engineering,,,,,,,,,Graduate Student,,,,,,,,,Received an email about the workshop,,,,,,,South Africa,,,,,,,,,,
1/10/18 2:33,,,,Business/Economics,Computer Science,,Engineering,,,,Mathematics or Statistics,Physical Sciences,,,,Graduate Student,,,,Government Employee,,Management/Administrator,,,,,,,,My friend/colleague told me about it,,South Africa,,,,,,,,,,
1/10/18 1:37,,,,,,,,,,,,,,,,,,,,,,,,,,,,,,,,,,,,,,,,,,
1/10/18 0:29,,,,,,,Engineering,,,,,,,Draughting,,,,,,Government Employee,,,,,,,,,My advisor/supervisor told me about it,My friend/colleague told me about it,,South Africa,,,,,,,,,,
1/10/18 0:11,,,,,Computer Science,,,,,LifeÂ Sciences,,,,,,Graduate Student,,,,,,,,,Received an email about the workshop,,,,My advisor/supervisor told me about it,,,United States of America,Female,,,"Asian(A person having origins in any of the original peoples of the Far East, Southeast Asia, or the Indian subcontinent including, for example, Cambodia, China, India, Japan, Korea, Malaysia, Pakistan, Indonesia, the Philippine Islands, Thailand, and Vietnam.)",,Hispanic or Latino(a)(A person of Spanish-speaking origin or ancestry and/or Latin American origin or ancestry â€“ includes Portuguese and Brazilians.),,,,
1/9/18 18:01,Agricultural or Environmental Sciences,,,,,,,,,LifeÂ Sciences,,,,,,Graduate Student,,,,,,,,,Received an email about the workshop,,,,,My friend/colleague told me about it,,United States of America,Male,,,,,,,"White(A person having origins in any of the original peoples of Europe, the Middle East, or North Africa.)",,
1/9/18 17:52,Agricultural or Environmental Sciences,,,,,,,,,LifeÂ Sciences,,,,,,Graduate Student,,,,,,,,,Received an email about the workshop,,,,,My friend/colleague told me about it,,United States of America,Female,,,,,,,"White(A person having origins in any of the original peoples of Europe, the Middle East, or North Africa.)",,
1/9/18 17:18,,,,,,,,,,LifeÂ Sciences,,,,,,Graduate Student,,,,,,,,,Received an email about the workshop,,,,,,,United States of America,Female,,,,,,,"White(A person having origins in any of the original peoples of Europe, the Middle East, or North Africa.)",,
1/9/18 17:25,,,,,,,,,,LifeÂ Sciences,,,,,,Graduate Student,,,,,,,,,Received an email about the workshop,,,,,,,United States of America,Female,,,"Asian(A person having origins in any of the original peoples of the Far East, Southeast Asia, or the Indian subcontinent including, for example, Cambodia, China, India, Japan, Korea, Malaysia, Pakistan, Indonesia, the Philippine Islands, Thailand, and Vietnam.)",,,,"White(A person having origins in any of the original peoples of Europe, the Middle East, or North Africa.)",,
1/9/18 17:08,Agricultural or Environmental Sciences,,,,,,,,,,,,,,,Graduate Student,,,,,,,,,Received an email about the workshop,,,,,My friend/colleague told me about it,,United States of America,Female,,,"Asian(A person having origins in any of the original peoples of the Far East, Southeast Asia, or the Indian subcontinent including, for example, Cambodia, China, India, Japan, Korea, Malaysia, Pakistan, Indonesia, the Philippine Islands, Thailand, and Vietnam.)",,,,,,
1/9/18 17:06,Agricultural or Environmental Sciences,,,,,,,,,LifeÂ Sciences,,,,,,Graduate Student,,,,,,,,,Received an email about the workshop,,,,,,I was initially told of it by a professor,United States of America,Male,,,,,,,"White(A person having origins in any of the original peoples of Europe, the Middle East, or North Africa.)",,
1/9/18 17:11,Agricultural or Environmental Sciences,,,,,,,,,LifeÂ Sciences,,,,,,Graduate Student,,,,,,,,,Received an email about the workshop,,,,,,,United States of America,Female,,,,,,,"White(A person having origins in any of the original peoples of Europe, the Middle East, or North Africa.)",,
1/9/18 16:40,,,,,,,Engineering,,,,,,,Construction,,,,Faculty,,,,,,,Received an email about the workshop,,,,,,,South Africa,,,,,,,,,,
1/9/18 15:26,Agricultural or Environmental Sciences,Bioinformatics/Genomics,,,,,,,,,,,,,,Graduate Student,,,,,,,,,,,,,,My friend/colleague told me about it,,United States of America,Female,,,,,,,"White(A person having origins in any of the original peoples of Europe, the Middle East, or North Africa.)",,
1/9/18 14:31,,Bioinformatics/Genomics,,,,,,,,LifeÂ Sciences,,,,,,Graduate Student,,,,,,,,,,,,,,My friend/colleague told me about it,,United States of America,Female,,,,,,,"White(A person having origins in any of the original peoples of Europe, the Middle East, or North Africa.)",,
1/9/18 13:50,Agricultural or Environmental Sciences,,,,,,,,,,,,,,,Graduate Student,,,,,,,,,Received an email about the workshop,,,,My advisor/supervisor told me about it,,,United States of America,Female,,,,,,,"White(A person having origins in any of the original peoples of Europe, the Middle East, or North Africa.)",,
1/9/18 13:06,Agricultural or Environmental Sciences,,,,,Earth Sciences,,,,,,Physical Sciences,,ecology,,Graduate Student,,,,,,,,,Received an email about the workshop,,,,,,,United States of America,Female,,,,,,,,I prefer not to say.,
1/9/18 12:45,,,,,,,,,,,,,Social Sciences,,,Graduate Student,,,,,,,,,Received an email about the workshop,,,,,,,United States of America,Female,,,,,,,"White(A person having origins in any of the original peoples of Europe, the Middle East, or North Africa.)",,
1/9/18 12:46,Agricultural or Environmental Sciences,,,,,,,,,,,,,,,Graduate Student,,,,,,,,,Received an email about the workshop,Read about it in a newsletter or university web site,,,,,,United States of America,Male,,,,,,,"White(A person having origins in any of the original peoples of Europe, the Middle East, or North Africa.)",,
1/9/18 12:38,,,,,,,,,,LifeÂ Sciences,,,,,,Graduate Student,,,,,,,,,Received an email about the workshop,,,,,My friend/colleague told me about it,,United States of America,Female,,,,,,,"White(A person having origins in any of the original peoples of Europe, the Middle East, or North Africa.)",,
1/9/18 12:35,Agricultural or Environmental Sciences,,,,,,,,,LifeÂ Sciences,,,,,,Graduate Student,,,,,,,,,Received an email about the workshop,,,,,,,United States of America,Male,,,,,,,"White(A person having origins in any of the original peoples of Europe, the Middle East, or North Africa.)",,
1/9/18 12:41,Agricultural or Environmental Sciences,Bioinformatics/Genomics,,,,,,,,LifeÂ Sciences,,,,,,Graduate Student,,,,,,,,,Received an email about the workshop,,,,,,,United States of America,Female,,,,,,,"White(A person having origins in any of the original peoples of Europe, the Middle East, or North Africa.)",,
1/9/18 12:17,,,,,,,,,,LifeÂ Sciences,,,,,,Graduate Student,,,,,,,,,Received an email about the workshop,,,,,My friend/colleague told me about it,,United States of America,Male,,,,,,,"White(A person having origins in any of the original peoples of Europe, the Middle East, or North Africa.)",,
1/9/18 12:14,Agricultural or Environmental Sciences,,,,,,,,,LifeÂ Sciences,,,,,,Graduate Student,,,,,,,,,Received an email about the workshop,,,,,My friend/colleague told me about it,,United States of America,Female,,,,,,,"White(A person having origins in any of the original peoples of Europe, the Middle East, or North Africa.)",,
1/9/18 11:45,,,,,,,Engineering,,,,,,,,,,,,,,,,Retired/Not Employed,,,,,,,My friend/colleague told me about it,,South Africa,,,,,,,,,,
1/9/18 11:28,,,,,,,,,,LifeÂ Sciences,,,,,,Graduate Student,,,,,,,,,Received an email about the workshop,,,,,,,United States of America,Female,,,,,,,"White(A person having origins in any of the original peoples of Europe, the Middle East, or North Africa.)",,
1/9/18 9:54,,,,,,,,,,LifeÂ Sciences,,,,,,,Postdoctoral Researcher,,,,,,,,Received an email about the workshop,,,,,My friend/colleague told me about it,,Germany,,,,,,,,,,
1/9/18 8:32,,,,Business/Economics,,,,,,,,,,,,Graduate Student,,,,,,,,,,,,,My advisor/supervisor told me about it,,,Germany,,,,,,,,,,
1/9/18 7:12,,,,,,,Engineering,,,,,,,,,,,,,Government Employee,,,,,Received an email about the workshop,,,,,My friend/colleague told me about it,,South Africa,,,,,,,,,,
1/9/18 2:02,Agricultural or Environmental Sciences,,,,,,,,,LifeÂ Sciences,,,,,,Graduate Student,,,,,,,,,Received an email about the workshop,,,,,My friend/colleague told me about it,,United States of America,Male,,,,,Hispanic or Latino(a)(A person of Spanish-speaking origin or ancestry and/or Latin American origin or ancestry â€“ includes Portuguese and Brazilians.),,"White(A person having origins in any of the original peoples of Europe, the Middle East, or North Africa.)",,
1/9/18 0:50,,,,,,,,,,LifeÂ Sciences,,,,,,Graduate Student,,,,,,,,,Received an email about the workshop,,,,,My friend/colleague told me about it,,United States of America,Female,,,,,,,"White(A person having origins in any of the original peoples of Europe, the Middle East, or North Africa.)",,
1/9/18 0:41,Agricultural or Environmental Sciences,,,,,,,,,,,,,,,Graduate Student,,,,,,,,,Received an email about the workshop,,,,,,,United States of America,Female,,,,,,,"White(A person having origins in any of the original peoples of Europe, the Middle East, or North Africa.)",,
1/9/18 0:35,Agricultural or Environmental Sciences,,,,,,,,,,,,,,,Graduate Student,,,,,,,,,,,,,,My friend/colleague told me about it,,United States of America,Female,,,,,,,"White(A person having origins in any of the original peoples of Europe, the Middle East, or North Africa.)",,
1/9/18 0:12,Agricultural or Environmental Sciences,,,,,,,,,,,,,,,Graduate Student,,,,,,,,,Received an email about the workshop,,,,,,,United States of America,Male,,,,,,,"White(A person having origins in any of the original peoples of Europe, the Middle East, or North Africa.)",,
1/9/18 0:13,,,,,,,,,,,,,,Ecology,,Graduate Student,,,,,,,,,Received an email about the workshop,,,,,,,United States of America,Female,,,,,,,"White(A person having origins in any of the original peoples of Europe, the Middle East, or North Africa.)",,
1/9/18 0:10,Agricultural or Environmental Sciences,,,,,,,,,,,,,,,Graduate Student,,,,,,,,,,,,,My advisor/supervisor told me about it,My friend/colleague told me about it,,United States of America,Female,,,,,,,"White(A person having origins in any of the original peoples of Europe, the Middle East, or North Africa.)",,
1/8/18 23:59,,,,,,,,,,LifeÂ Sciences,,,,,,Graduate Student,,,,,,,,,,Read about it in a newsletter or university web site,,,,My friend/colleague told me about it,,United States of America,Female,,,,,,,"White(A person having origins in any of the original peoples of Europe, the Middle East, or North Africa.)",,
1/8/18 23:58,Agricultural or Environmental Sciences,,,,,,,,,,,,,,,Graduate Student,,,,,,,,,Received an email about the workshop,,,,,My friend/colleague told me about it,,United States of America,Female,,,,,,,"White(A person having origins in any of the original peoples of Europe, the Middle East, or North Africa.)",,
1/8/18 23:55,Agricultural or Environmental Sciences,,,,,,,,,,,,,,,Graduate Student,,,,,,,,,Received an email about the workshop,,,,,,,,,,,,,,,,,
1/8/18 23:57,,,,,,Earth Sciences,,,,,,Physical Sciences,,,,Graduate Student,,,,,,,,,Received an email about the workshop,,,,,,,United States of America,Female,,,,,,,"White(A person having origins in any of the original peoples of Europe, the Middle East, or North Africa.)",,
1/8/18 23:59,,,,Business/Economics,,,,,,,,,,,,Graduate Student,,,,,,,,,Received an email about the workshop,,,,,,,United States of America,Male,,,"Asian(A person having origins in any of the original peoples of the Far East, Southeast Asia, or the Indian subcontinent including, for example, Cambodia, China, India, Japan, Korea, Malaysia, Pakistan, Indonesia, the Philippine Islands, Thailand, and Vietnam.)",,,,,,
1/8/18 23:35,,,,,,,,,,,,,,,,,,,,,,,,,,,,,,,,,,,,,,,,,,
1/8/18 22:40,,,,,,,,,,,,,,,,,,,,,,,,,,,,,,,,,,,,,,,,,,
1/8/18 18:36,Agricultural or Environmental Sciences,,,,,,,,,,,,,,,Graduate Student,,,,,,,,,Received an email about the workshop,,,,,,,United States of America,,,,,,,,,,
1/8/18 14:32,,,,Business/Economics,,,,,,,,,,,,Graduate Student,,,,,,,,,Received an email about the workshop,,,,,My friend/colleague told me about it,,United States of America,Female,,,,,,,"White(A person having origins in any of the original peoples of Europe, the Middle East, or North Africa.)",,
1/8/18 6:13,,,,,,Earth Sciences,,,,,,,,,,Graduate Student,,,,,,,,,,,,,My advisor/supervisor told me about it,,,South Africa,,,,,,,,,,
1/8/18 4:06,,,Biomedical/Health Sciences,,,,,,,,,,,,,,Postdoctoral Researcher,,,,,,,,Received an email about the workshop,,,,,My friend/colleague told me about it,,Germany,,,,,,,,,,
1/8/18 3:48,,,,,,,,,,LifeÂ Sciences,,,,,,,Postdoctoral Researcher,,,,,,,,,,,,,My friend/colleague told me about it,,Germany,,,,,,,,,,
1/8/18 3:01,,,,,,,Engineering,,,,,,,,,,,,Industry Employee,,,,,,,,,,,My friend/colleague told me about it,,South Africa,,,,,,,,,,
1/8/18 2:29,,,,,,,Engineering,,,,,,,Land Surveying,,Graduate Student,,,,,,,,Academic staff,Received an email about the workshop,,,,,,,South Africa,,,,,,,,,,
1/8/18 2:11,,,,,,,Engineering,,,,,,,,,,,,,Government Employee,,,,,,,,,,My friend/colleague told me about it,,South Africa,,,,,,,,,,
1/7/18 22:13,,Bioinformatics/Genomics,Biomedical/Health Sciences,,,,,,,,,,,,,Graduate Student,,,,,,,,,Received an email about the workshop,,,,,,,United States of America,Male,,,"Asian(A person having origins in any of the original peoples of the Far East, Southeast Asia, or the Indian subcontinent including, for example, Cambodia, China, India, Japan, Korea, Malaysia, Pakistan, Indonesia, the Philippine Islands, Thailand, and Vietnam.)",,,,,,
1/7/18 21:07,Agricultural or Environmental Sciences,Bioinformatics/Genomics,,,,Earth Sciences,,,,,,,,,Undergraduate Student,,,,,,,,,,,,,,My advisor/supervisor told me about it,,,United States of America,Female,,,,,,,"White(A person having origins in any of the original peoples of Europe, the Middle East, or North Africa.)",,
1/7/18 20:49,,,,,,,,,,LifeÂ Sciences,,,,,,Graduate Student,,,,,,,,,Received an email about the workshop,,,,,My friend/colleague told me about it,,United States of America,Female,,,"Asian(A person having origins in any of the original peoples of the Far East, Southeast Asia, or the Indian subcontinent including, for example, Cambodia, China, India, Japan, Korea, Malaysia, Pakistan, Indonesia, the Philippine Islands, Thailand, and Vietnam.)",,,,"White(A person having origins in any of the original peoples of Europe, the Middle East, or North Africa.)",,
1/20/18 0:45,,,,,,Earth Sciences,,,,,,,,Physical Oceanography,,Graduate Student,,,,,,,,,Received an email about the workshop,,,,My advisor/supervisor told me about it,My friend/colleague told me about it,,Australia,,,,,,,,,,
1/7/18 19:29,,,,,,,,,,,,,,Global affairs,,Graduate Student,,,,,,,,,,,,,,My friend/colleague told me about it,,United States of America,Female,,,,Black or African American(A person having origins in any of the Black racial groups of Africa â€“ includes Caribbean Islanders and others of African origin.),,,,,
1/7/18 16:49,,,Biomedical/Health Sciences,,,,,,,,,,,,,Graduate Student,,,,,,,,,,,,,,My friend/colleague told me about it,,United States of America,Female,,,,,,,"White(A person having origins in any of the original peoples of Europe, the Middle East, or North Africa.)",,
1/7/18 7:01,,,Biomedical/Health Sciences,,,,,,,,,,,,,,,Faculty,,,,,,,,,,,,My friend/colleague told me about it,,United States of America,Male,,,,,,,"White(A person having origins in any of the original peoples of Europe, the Middle East, or North Africa.)",,
1/6/18 18:56,,,,,,,,,,LifeÂ Sciences,,,,,,Graduate Student,,,,,,,,,,,,,,My friend/colleague told me about it,,United States of America,Female,,,"Asian(A person having origins in any of the original peoples of the Far East, Southeast Asia, or the Indian subcontinent including, for example, Cambodia, China, India, Japan, Korea, Malaysia, Pakistan, Indonesia, the Philippine Islands, Thailand, and Vietnam.)",,,,,,
1/5/18 19:57,,,,,,,,,,,,,,,,,,,,,,,,,,,,,,,,,,,,,,,,,,
1/5/18 18:04,,,,,,,,,,,,,,,,,,,,,,,,,,,,,,,,,,,,,,,,,,
1/5/18 14:48,Agricultural or Environmental Sciences,,,,,Earth Sciences,,Humanities,,,Mathematics or Statistics,,Social Sciences,,,Graduate Student,,,,,,,,,Received an email about the workshop,,,,,,,United States of America,Female,,,,,,,"White(A person having origins in any of the original peoples of Europe, the Middle East, or North Africa.)",,
1/5/18 14:18,Agricultural or Environmental Sciences,Bioinformatics/Genomics,,,,,,,,LifeÂ Sciences,Mathematics or Statistics,,,,,Graduate Student,,,,,,,,,Received an email about the workshop,,,,,My friend/colleague told me about it,,United States of America,Male,,,,,,,"White(A person having origins in any of the original peoples of Europe, the Middle East, or North Africa.)",,
1/5/18 12:20,,,,,,,,,,LifeÂ Sciences,,,,,,,Postdoctoral Researcher,,,,,,,,Received an email about the workshop,,,,,,,United States of America,Male,,,,,,,"White(A person having origins in any of the original peoples of Europe, the Middle East, or North Africa.)",,
1/5/18 11:29,Agricultural or Environmental Sciences,,,,,,,,,,,,,,,Graduate Student,,,,,,,,,,,,,My advisor/supervisor told me about it,,,South Africa,,,,,,,,,,
1/5/18 11:08,,,,,,,,,,LifeÂ Sciences,,,,,,Graduate Student,,,,,,,,,,,,,,My friend/colleague told me about it,,United States of America,Female,,,,,,,"White(A person having origins in any of the original peoples of Europe, the Middle East, or North Africa.)",,
1/5/18 10:18,,Bioinformatics/Genomics,Biomedical/Health Sciences,,,,,,,,,,,,,Graduate Student,,,,,,,,,Received an email about the workshop,,,,,My friend/colleague told me about it,,Germany,,,,,,,,,,
1/5/18 8:42,,,Biomedical/Health Sciences,,,,,,,,,,,,,,Postdoctoral Researcher,,,,,,,,Received an email about the workshop,,,,,My friend/colleague told me about it,,Germany,,,,,,,,,,
1/5/18 8:51,,,,,,,,,,LifeÂ Sciences,,,,,,Graduate Student,,,,,,,,,Received an email about the workshop,,,,,,,Germany,,,,,,,,,,
1/5/18 8:21,,,Biomedical/Health Sciences,,,,,,,LifeÂ Sciences,,,,,,Graduate Student,,,,,,,,,Received an email about the workshop,,,,,My friend/colleague told me about it,,Germany,,,,,,,,,,
1/5/18 8:17,,,Biomedical/Health Sciences,,,,Engineering,,,,,,,,,Graduate Student,,,,,,,,,Received an email about the workshop,,,,,My friend/colleague told me about it,,Germany,,,,,,,,,,
1/5/18 8:17,,,,,,,,,,LifeÂ Sciences,,,,,,Graduate Student,,,,,,,,,Received an email about the workshop,,,,,,,Germany,,,,,,,,,,
1/5/18 8:11,,Bioinformatics/Genomics,Biomedical/Health Sciences,,,,,,,LifeÂ Sciences,Mathematics or Statistics,Physical Sciences,,,,Graduate Student,,,,,,,,,Received an email about the workshop,,,,,,,Germany,,,,,,,,,,
1/5/18 7:56,,,,,,,,,,LifeÂ Sciences,,,,,,,Postdoctoral Researcher,,,,,,,,Received an email about the workshop,,,,,,,Germany,,,,,,,,,,
1/5/18 7:48,,Bioinformatics/Genomics,Biomedical/Health Sciences,,,,,,,LifeÂ Sciences,,,,,,Graduate Student,,,,,,,,,,,,,,,Organizing it,Germany,,,,,,,,,,
1/5/18 7:35,Agricultural or Environmental Sciences,,,,,Earth Sciences,Engineering,,,,,,,,,Graduate Student,,,,,,,,,Received an email about the workshop,,,,My advisor/supervisor told me about it,My friend/colleague told me about it,,South Africa,,,,,,,,,,
1/5/18 4:08,Agricultural or Environmental Sciences,,,,,Earth Sciences,Engineering,,,,,,,,,Graduate Student,,,,,Research Staff,,,,Received an email about the workshop,,,,My advisor/supervisor told me about it,,,South Africa,,,,,,,,,,
1/4/18 11:37,Agricultural or Environmental Sciences,,,,,Earth Sciences,Engineering,,,,,,,,,Graduate Student,,,,,,,,,,,,,,My friend/colleague told me about it,,United States of America,Female,,,,,,,"White(A person having origins in any of the original peoples of Europe, the Middle East, or North Africa.)",,
1/4/18 11:29,,,,,,,Engineering,,,,,,,,,Graduate Student,,,,,,,,,,,,,My advisor/supervisor told me about it,,,South Africa,,,,,,,,,,
1/4/18 11:26,,,,,,,Engineering,,,,,,,,,,Postdoctoral Researcher,,,,,,,Post graduate student ,Received an email about the workshop,,,,,,,South Africa,,,,,,,,,,
1/4/18 8:58,,,,,,,Engineering,,,,,,,,,Graduate Student,,,,,,,,,,,,,My advisor/supervisor told me about it,My friend/colleague told me about it,,South Africa,,,,,,,,,,
1/4/18 8:48,,,,,,,Engineering,Humanities,,,Mathematics or Statistics,,Social Sciences,,,Graduate Student,,,,,,,,,,,,,My advisor/supervisor told me about it,,,South Africa,,,,,,,,,,
1/4/18 7:26,Agricultural or Environmental Sciences,,,,Computer Science,Earth Sciences,Engineering,,,,Mathematics or Statistics,,,,,Graduate Student,,,,Government Employee,,,,,Received an email about the workshop,,,,,My friend/colleague told me about it,,South Africa,,,,,,,,,,
1/4/18 7:27,,,,,,,Engineering,,,,,,,,,,,,,Government Employee,,,,,,,,,,My friend/colleague told me about it,,South Africa,,,,,,,,,,
1/4/18 0:39,,,,,,,Engineering,,,,,,,,,,,,,Government Employee,,,,,,,,,,My friend/colleague told me about it,,South Africa,,,,,,,,,,
1/23/18 13:50,,,,,,,,,,,,,,,,,,,,,,,,,,,,,,,,,,,,,,,,,,
1/12/18 10:03,,,,,Computer Science,,Engineering,,,,Mathematics or Statistics,,,,,Graduate Student,,,,,,,,,Received an email about the workshop,,,,,,,United States of America,Female,,,"Asian(A person having origins in any of the original peoples of the Far East, Southeast Asia, or the Indian subcontinent including, for example, Cambodia, China, India, Japan, Korea, Malaysia, Pakistan, Indonesia, the Philippine Islands, Thailand, and Vietnam.)",,,,,,
1/3/18 10:52,,,,,,,,,,LifeÂ Sciences,,,,,,Graduate Student,,,,,,,,,Received an email about the workshop,,,,,,,United States of America,Female,,,,,,,"White(A person having origins in any of the original peoples of Europe, the Middle East, or North Africa.)",,
1/3/18 9:57,,,,,,,,,,LifeÂ Sciences,,,,,,Graduate Student,,,,,,,,,Received an email about the workshop,Read about it in a newsletter or university web site,,,,,,United States of America,Female,,,,,,,"White(A person having origins in any of the original peoples of Europe, the Middle East, or North Africa.)",,
1/2/18 15:22,,Bioinformatics/Genomics,Biomedical/Health Sciences,,,,,,,LifeÂ Sciences,,,,,,Graduate Student,,,,,,,,,Received an email about the workshop,,,,,,,United States of America,Male,,,"Asian(A person having origins in any of the original peoples of the Far East, Southeast Asia, or the Indian subcontinent including, for example, Cambodia, China, India, Japan, Korea, Malaysia, Pakistan, Indonesia, the Philippine Islands, Thailand, and Vietnam.)",,,,,,
1/2/18 14:23,,,,,,,Engineering,,,,,,,,,,,,,,,,,,Received an email about the workshop,,,,,My friend/colleague told me about it,,United States of America,Male,,,,,,,"White(A person having origins in any of the original peoples of Europe, the Middle East, or North Africa.)",,
1/2/18 14:09,,Bioinformatics/Genomics,,,,,,,,,,,,,,,Postdoctoral Researcher,,,,,,,,Received an email about the workshop,,,,,,,United States of America,Male,,,"Asian(A person having origins in any of the original peoples of the Far East, Southeast Asia, or the Indian subcontinent including, for example, Cambodia, China, India, Japan, Korea, Malaysia, Pakistan, Indonesia, the Philippine Islands, Thailand, and Vietnam.)",,,,,,
1/2/18 11:50,Agricultural or Environmental Sciences,,,,,Earth Sciences,,,,LifeÂ Sciences,,,,,,,,,,,Research Staff,,,,Received an email about the workshop,,,,,,,United States of America,Female,,,,,,,"White(A person having origins in any of the original peoples of Europe, the Middle East, or North Africa.)",,
1/1/18 23:04,,Bioinformatics/Genomics,,,,,,,,,,,,,Undergraduate Student,,,,,,,,,,Received an email about the workshop,,,,My advisor/supervisor told me about it,,,United States of America,Male,,,,,,,,I prefer not to say.,
1/29/18 4:17,,Bioinformatics/Genomics,Biomedical/Health Sciences,,,,,,,LifeÂ Sciences,,,,,,Graduate Student,,,,,,,,,,,,,,My friend/colleague told me about it,,,,,,,,,,,,
1/10/18 6:07,,,,,,,,,,,,,,,,,,,,,,,,,,,,,,,,,,,,,,,,,,
1/4/18 5:19,,,,,,,,,,,,,,,,,,,,,,,,,,,,,,,,,,,,,,,,,,